time_s,reference_east_m,reference_north_m,estimated_east_m,estimated_north_m,position_error_m,estimated_speed_mps,estimated_speed_kmh,reference_speed_mps,reference_speed_kmh,speed_error_kmh,heading_deg,speed_source,gnss_state
120.10000000000001,0.0,0.0,0.0,0.0,0.0,2.3573687210621035,8.486527395823574,15.79,56.844,48.35747260417643,239.61266226535255,inertial,GNSS_DEGRADED
120.2,-1.5620840669803844,-0.21150703150241912,-0.21908545170452953,-0.1209556569130541,1.346047856531441,2.647776874736663,9.531996749051988,15.783888888888889,56.822,47.29000325094802,241.09719591253642,inertial,GNSS_DEGRADED
120.299,-3.124168133947268,-0.37848626835256594,-0.44550927637033055,-0.24665393945673486,2.6819010120094817,2.5840317895873164,9.302514442514338,15.76388888888889,56.75,47.44748555748566,240.96333005328205,inertial,GNSS_DEGRADED
120.399,-4.706627210491034,-0.5454655052027128,-0.6673186488299621,-0.3692774332712361,4.043149254355986,2.4849294036443474,8.945745853119652,15.903888888888888,57.254,48.308254146880344,241.0647435830202,inertial,GNSS_DEGRADED
120.49900000000001,-6.282294617162337,-0.6790488941163378,-0.8860381491717249,-0.4895510193497614,5.399582698030613,2.507222650847811,9.02600154305212,15.89388888888889,57.218,48.191998456947886,241.19365908692464,inertial,GNSS_DEGRADED
120.599,-7.871545363565063,-0.8126322830299629,-1.1128103525050221,-0.6140077519397948,6.761652952797826,2.666368384076998,9.598926182677193,15.966944444444444,57.481,47.882073817322805,241.2412145839205,inertial,GNSS_DEGRADED
120.699,-9.47437944968571,-0.9239517735552787,-1.338243964814069,-0.7378383971293943,8.138263869958514,2.477728902981052,8.919824050731787,16.044999999999998,57.76199999999999,48.84217594926821,241.22001514550067,inertial,GNSS_DEGRADED
120.8,-11.070421865947395,-1.0241393152404976,-1.566447550791537,-0.85857349770788,9.505416341385448,2.6346285638446325,9.484662829840678,16.008055555555554,57.629,48.14433717015932,242.11813794852412,inertial,GNSS_DEGRADED
120.9,-12.680047621913502,-1.0909310089891946,-1.7905038287914294,-0.9740829363666137,10.890170682519125,2.406944449825125,8.66500001937045,16.158055555555553,58.16899999999999,49.503999980629544,242.72719208474825,inertial,GNSS_DEGRADED
120.99900000000001,-14.303256717584029,-1.1465907553140258,-2.0012662084199064,-1.081610933266461,12.302162121547475,2.373002557420945,8.542809206715402,16.226944444444445,58.417,49.8741907932846,242.9699657617011,inertial,GNSS_DEGRADED
121.099,-15.919674143422597,-1.168854653702335,-2.211814143184256,-1.1911824846278307,13.707878184393387,2.3740536967759693,8.54659330839349,16.178055555555556,58.241,49.69440669160651,242.50701586323544,inertial,GNSS_DEGRADED
121.199,-17.549674908965585,-1.1911185513825289,-2.421290967989421,-1.3012503152638146,15.128784804834826,2.3586185915353033,8.491026929527091,16.283055555555556,58.61900000000001,50.12797307047292,242.28069753415878,inertial,GNSS_DEGRADED
121.299,-19.18646734434053,-1.1799866018343166,-2.6277299625506316,-1.4111750473726659,16.56035119725535,2.319009234816121,8.348433245338036,16.366944444444446,58.92100000000001,50.57256675466197,241.9655707468368,inertial,GNSS_DEGRADED
121.4,-20.83005144960144,-1.168854653702335,-2.8340670032331445,-1.520786161598977,17.999425323609085,2.3076068294448255,8.307384586001373,16.396944444444443,59.028999999999996,50.72161541399862,242.02170342202575,inertial,GNSS_DEGRADED
121.49900000000001,-22.473635554848848,-1.1577227034460071,-3.0377478736816386,-1.6260230396545978,19.44152862199473,2.323932549695656,8.366157178904363,16.441944444444445,59.191,50.82484282109564,242.67571755643377,ai-acceleration+inertial,INS_DEAD_RECKONING
121.599,-24.117219660096257,-1.1243268569257163,-3.244172860247687,-1.7341334200989706,20.88195265661614,2.3365021698827793,8.411407811578005,16.50611111111111,59.422,51.010592188421995,242.35772598013617,ai-acceleration+inertial,INS_DEAD_RECKONING
121.7,-25.767595435216126,-1.079799060857213,-3.4536532106812388,-1.8440975355145497,22.327027786031987,2.348418855071377,8.454307878256957,16.555,59.598,51.143692121743044,242.30332936706645,ai-acceleration+inertial,INS_DEAD_RECKONING
121.799,-27.431554550026913,-1.03527126478871,-3.660504102019985,-1.9516776855793694,23.788708248447556,2.3617626260374496,8.502345453734819,16.64388888888889,59.918,51.41565454626518,242.52171223068058,ai-acceleration+inertial,INS_DEAD_RECKONING
121.9,-29.088721994992245,-0.9684795696237819,-3.872102158227534,-2.063055207387464,25.24036473228351,2.37329993646446,8.543879771272056,16.61388888888889,59.81000000000001,51.26612022872796,242.2393127926165,ai-acceleration+inertial,INS_DEAD_RECKONING
122.0,-30.752681109816535,-0.9128198240070663,-4.082313130718376,-2.1742858261188474,26.70018398092021,2.3832073324849032,8.579546396945652,16.653055555555554,59.95099999999999,51.37145360305434,242.1149809510731,ai-acceleration+inertial,INS_DEAD_RECKONING
122.10000000000001,-32.43022356435874,-0.8237642318700599,-4.293575194329378,-2.28574292629645,28.174604934260085,2.3940029287938227,8.618410543657761,16.761944444444445,60.343,51.724589456342244,242.18488180207908,ai-acceleration+inertial,INS_DEAD_RECKONING
122.2,-34.100974349015,-0.734708639024938,-4.506482264358681,-2.3961345823342697,29.6410913752157,2.4024848775593988,8.648945559213836,16.76611111111111,60.35799999999999,51.709054440786154,242.59340071000733,ai-acceleration+inertial,INS_DEAD_RECKONING
122.3,-35.785308473416165,-0.6233891484996222,-4.719837944526006,-2.506450409536882,31.122489921183398,2.4012731509457117,8.644583343404562,16.85611111111111,60.682,52.03741665659544,242.65871789865224,ai-acceleration+inertial,INS_DEAD_RECKONING
122.4,-37.476434267662796,-0.5009377077179786,-4.933830642906543,-2.615953620623145,32.61126098435694,2.406380255795304,8.662968920863095,16.956944444444446,61.04500000000001,52.382031079136915,242.90050608819746,ai-acceleration+inertial,INS_DEAD_RECKONING
122.5,-39.17435173176839,-0.36735431880435354,-5.148323001767238,-2.7261513448010533,34.10769054838974,2.4165031317072665,8.69941127414616,17.03,61.30800000000001,52.60858872585385,242.80768692538626,ai-acceleration+inertial,INS_DEAD_RECKONING
122.60000000000001,-40.87906086571944,-0.23377092989072845,-5.363723267471386,-2.8369407827341035,35.61061215424812,2.427940036415628,8.740584131096261,17.091944444444447,61.53100000000001,52.79041586890375,242.78133086681024,ai-acceleration+inertial,INS_DEAD_RECKONING
122.7,-42.57018665996607,-0.08905559213700642,-5.579739868466675,-2.9492162097818095,37.10085811128193,2.4411027206077107,8.78796979418776,17.061944444444446,61.42300000000001,52.63503020581225,242.53667788828938,ai-acceleration+inertial,INS_DEAD_RECKONING
122.799,-44.27489579390362,0.011131949548212394,-5.794105089637696,-3.0619330976342667,38.603302734477694,2.451689145558621,8.826080924011036,17.086944444444445,61.513000000000005,52.68691907598897,242.263841115826,ai-acceleration+inertial,INS_DEAD_RECKONING
122.899,-45.96602158817725,0.08905559284512188,-6.011692070889609,-3.175827938083671,40.08750318548827,2.460179301023251,8.856645483683703,17.03,61.30800000000001,52.4513545163163,242.37041126572035,ai-acceleration+inertial,INS_DEAD_RECKONING
123.0,-47.67752239198727,0.23377093201507482,-6.2321327632016335,-3.2915202156275996,41.595047772030505,2.4696310263481007,8.890671694853163,17.168055555555554,61.805,52.91432830514684,242.30849171680057,ai-acceleration+inertial,INS_DEAD_RECKONING
123.10000000000001,-49.382231525938316,0.3228265234439658,-6.451270270030221,-3.406411189194472,43.092628699971954,2.4789519104602906,8.924226877657047,17.141111111111112,61.708000000000006,52.78377312234296,242.33255594419606,ai-acceleration+inertial,INS_DEAD_RECKONING
123.199,-51.08694065990287,0.40075016674087527,-6.670426355501348,-3.5191273875120714,44.5891487134868,2.4997018873334245,8.998926794400328,17.11,61.596,52.59707320559967,242.78236792041938,ai-acceleration+inertial,INS_DEAD_RECKONING
123.3,-52.80523313355834,0.5120696579743065,-6.895446337519928,-3.63574607927427,46.096777534312196,2.518993152450471,9.068375348821696,17.218888888888888,61.988,52.9196246511783,242.60413220951008,ai-acceleration+inertial,INS_DEAD_RECKONING
123.4,-54.53031727711328,0.6233891484996222,-7.120178839986579,-3.751427201749607,47.61155578980723,2.5361752824113473,9.13023101668085,17.263055555555553,62.14699999999999,53.01676898331914,242.76284151876135,ai-acceleration+inertial,INS_DEAD_RECKONING
123.49900000000001,-56.268984760345624,0.7681044869614597,-7.343876609152716,-3.8671309346613896,49.14419207820788,2.551688394623618,9.186078220645026,17.366944444444446,62.52100000000001,53.334921779354985,242.6505303317598,ai-acceleration+inertial,INS_DEAD_RECKONING
123.60000000000001,-58.0212355832959,0.9128198247151817,-7.57382029577056,-3.9859534181216247,50.68470862574608,2.573654800211795,9.265157280762462,17.52388888888889,63.086000000000006,53.82084271923755,242.67252045193692,ai-acceleration+inertial,INS_DEAD_RECKONING
123.7,-59.78027807609163,1.09093100969731,-7.80377856412025,-4.103046431542936,52.23537023108072,2.5874140415877105,9.314690549715758,17.656944444444445,63.565000000000005,54.25030945028425,243.01514921342513,ai-acceleration+inertial,INS_DEAD_RECKONING
123.8,-61.53932056891437,1.2801741442276509,-8.034861153057022,-4.220904063114489,53.78651354035155,2.60063315285398,9.362279350274328,17.613888888888887,63.41,54.04772064972567,242.9773339989465,ai-acceleration+inertial,INS_DEAD_RECKONING
123.9,-63.311946401428024,1.4805492275980883,-8.267880048673305,-4.3378731788388905,55.35072971466765,2.613945631575933,9.41020427367336,17.76888888888889,63.967999999999996,54.55779572632664,243.3445999456254,ai-acceleration+inertial,INS_DEAD_RECKONING
124.0,-65.09136390381414,1.6697923621284292,-8.501911264443322,-4.455960532793114,56.92004039486649,2.628772484771903,9.463580945178851,17.81888888888889,64.148,54.68441905482115,243.2254247242382,ai-acceleration+inertial,INS_DEAD_RECKONING
124.099,-66.8639897363278,1.8033757510420543,-8.73636456852401,-4.569902022125092,58.47597350384722,2.6373720490798895,9.494539376687603,17.79111111111111,64.048,54.5534606233124,244.08080487574495,ai-acceleration+inertial,INS_DEAD_RECKONING
124.2,-68.65699057841833,1.9369591406637947,-8.977254037873848,-4.684941966564395,60.04598677532671,2.648752573202341,9.535509263528429,17.891944444444444,64.411,54.875490736471576,244.47257622732155,ai-acceleration+inertial,INS_DEAD_RECKONING
124.299,-70.43640808077745,2.07054252957742,-9.21511229209625,-4.796160626810774,61.60518379392392,2.6558124568097337,9.560924844515041,17.83111111111111,64.192,54.63107515548495,244.93997227827748,ai-acceleration+inertial,INS_DEAD_RECKONING
124.399,-72.23620059274045,2.159598122422542,-9.45540012515798,-4.91006526545587,63.17759925613122,2.6625523077541837,9.585188307915061,18.005,64.818,55.23281169208494,244.63745056244844,ai-acceleration+inertial,INS_DEAD_RECKONING
124.49900000000001,-74.0427847745624,2.248653714559548,-9.695963117701297,-5.025387548709972,64.75666092101751,2.672980745140267,9.622730682504962,18.008888888888887,64.832,55.20926931749503,244.3876409637714,ai-acceleration+inertial,INS_DEAD_RECKONING
124.599,-75.8425772865119,2.359973205084864,-9.937244799895097,-5.141455206968828,66.33086972438002,2.6819628196782066,9.655066150841543,18.03111111111111,64.91199999999999,55.25693384915845,244.31029166142872,ai-acceleration+inertial,INS_DEAD_RECKONING
124.7,-77.64236979844789,2.437896848381773,-10.181217512482021,-5.260353497622589,67.89896999321886,2.692350349276635,9.692461257395886,18.026944444444442,64.89699999999999,55.20453874260411,244.01805453802226,ai-acceleration+inertial,INS_DEAD_RECKONING
124.799,-79.44895398025636,2.538084390775108,-10.42117877458594,-5.377493870124283,69.48014197631574,2.7021290312657333,9.72766451255664,18.046111111111113,64.96600000000001,55.238335487443365,243.98005024747124,ai-acceleration+inertial,INS_DEAD_RECKONING
124.899,-81.26912150178273,2.716195575757236,-10.663748212014411,-5.497406982668622,71.08151661561048,2.709676084753986,9.75483390511435,18.238888888888887,65.66,55.905166094885644,243.6947172654961,ai-acceleration+inertial,INS_DEAD_RECKONING
125.0,-83.08928902330912,2.905438709579461,-10.910017904343107,-5.6183425097774204,72.68082295585722,2.7232223934636823,9.803600616469257,18.328055555555558,65.98100000000001,56.177399383530755,243.84575466987056,ai-acceleration+inertial,INS_DEAD_RECKONING
125.1,-84.9230398845264,3.083549895269705,-11.155243739169663,-5.738093518745444,74.29339903831932,2.734836390215844,9.84541100477704,18.423055555555557,66.32300000000001,56.477588995222966,243.97237834259445,ai-acceleration+inertial,INS_DEAD_RECKONING
125.20000000000002,-86.76358241560266,3.2616610802518333,-11.402288909411396,-5.856823484458772,75.91094334602337,2.747065502303535,9.889435808292726,18.461944444444445,66.46300000000001,56.573564191707284,244.33104992234644,ai-acceleration+inertial,INS_DEAD_RECKONING
125.299,-88.59733327683347,3.4397722652339615,-11.648084098561725,-5.974192787949022,77.52296232163928,2.755559425706117,9.920013932542021,18.453888888888887,66.434,56.51398606745798,244.47512588951002,ai-acceleration+inertial,INS_DEAD_RECKONING
125.399,-90.44466747778218,3.5844876044039147,-11.897739460422684,-6.092086701161122,79.14073534694617,2.7662799228585366,9.958607722290733,18.494999999999997,66.582,56.62339227770926,244.7220706992114,ai-acceleration+inertial,INS_DEAD_RECKONING
125.5,-92.28521000885844,3.7292029421576363,-12.150839819666345,-6.211329305290832,80.74856944231918,2.773979746486327,9.986327087350778,18.533055555555553,66.719,56.732672912649214,244.7735738754157,ai-acceleration+inertial,INS_DEAD_RECKONING
125.6,-94.11896087008924,3.862786330363146,-12.401985948431047,-6.3300289120259094,82.35021234284945,2.78170111665051,10.014124019941837,18.40111111111111,66.244,56.22987598005816,244.7031000666146,ai-acceleration+inertial,INS_DEAD_RECKONING
125.69900000000001,-95.97308674088343,3.985237770436674,-12.651275393375897,-6.448449360103524,83.97253165986861,2.7937867220814554,10.05763219949324,18.568055555555556,66.845,56.78736780050676,244.59078887961306,ai-acceleration+inertial,INS_DEAD_RECKONING
125.80000000000001,-97.81362927194618,4.129953108190397,-12.904488493764376,-6.571412178378665,85.58084719541915,2.780276510260962,10.008995436939465,18.51111111111111,66.64,56.631004563060536,244.09832592512018,ai-acceleration+inertial,INS_DEAD_RECKONING
125.899,-99.67454681263982,4.263536497104021,-13.151699146366724,-6.690907146487518,87.21354828134056,2.7667198040319105,9.960191294514878,18.689999999999998,67.28399999999999,57.32380870548511,244.202128688864,ai-acceleration+inertial,INS_DEAD_RECKONING
125.999,-101.53546435329295,4.38598793717755,-13.400191295800596,-6.811389631973725,88.8437258411919,2.7564813561362604,9.923332882090538,18.69194444444444,67.291,57.36766711790946,244.13337375344832,ai-acceleration+inertial,INS_DEAD_RECKONING
126.1,-103.38279855424169,4.508439377959193,-13.651254786262598,-6.931248327457411,90.45781559258552,2.7525627492069455,9.909225897145005,18.541944444444447,66.751,56.841774102855,244.48000748992453,ai-acceleration+inertial,INS_DEAD_RECKONING
126.19900000000001,-105.18938273605013,4.552967174027696,-13.897259493085272,-7.0472924778430865,92.02617991745342,2.742407564836185,9.872667233410267,18.256944444444443,65.725,55.852332766589726,244.74603752378178,ai-acceleration+inertial,INS_DEAD_RECKONING
126.299,-107.05030027670327,4.630890817324606,-14.144854343450191,-7.16365417002649,93.65112479578266,2.729091437631869,9.824729175474728,18.553055555555556,66.791,56.96627082452527,244.82797048848548,ai-acceleration+inertial,INS_DEAD_RECKONING
126.4,-108.89084280777953,4.686550563649437,-14.39376843100311,-7.281468717210856,95.2519320081071,2.724134126765176,9.806882856354633,18.53611111111111,66.73,56.92311714364537,244.67114621038021,ai-acceleration+inertial,INS_DEAD_RECKONING
126.499,-110.75855201830514,4.73107835971794,-14.638166328765777,-7.395238255624804,96.88227959622617,2.721943861403825,9.79899790105377,18.66,67.176,57.377002098946235,245.03757563867813,ai-acceleration+inertial,INS_DEAD_RECKONING
126.59899999999999,-112.667011247944,4.953717340768572,-14.883065158702294,-7.513038842578993,98.57545395542829,2.713216308859237,9.767578711893254,19.07111111111111,68.656,58.888421288106755,244.31163811224744,ai-acceleration+inertial,INS_DEAD_RECKONING
126.69900000000001,-114.53472045845609,5.020509035225384,-15.127257162936502,-7.631092361128424,100.20931482024162,2.711407850427489,9.761068261538961,18.73111111111111,67.432,57.67093173846104,244.19876542660663,ai-acceleration+inertial,INS_DEAD_RECKONING
126.799,-116.4024296689817,5.1095646280705065,-15.372919886661151,-7.745513462654287,101.84407140120939,2.7086424187939206,9.751112707658114,18.718055555555555,67.385,57.63388729234189,245.02554352498035,ai-acceleration+inertial,INS_DEAD_RECKONING
126.899,-118.26334720962134,5.198620220207513,-15.617787237690749,-7.861629886989334,103.47309367566882,2.711432990298192,9.761158765073493,18.69388888888889,67.298,57.53684123492651,244.62962968854498,ai-acceleration+inertial,INS_DEAD_RECKONING
126.999,-120.1378480899924,5.254279965824228,-15.862485214538566,-7.978680685967305,105.11166705185224,2.713619614600734,9.769030612562641,18.693055555555556,67.295,57.52596938743736,244.43596995379076,ai-acceleration+inertial,INS_DEAD_RECKONING
127.1,-121.99876563065905,5.287675813052634,-16.109706064399035,-8.098066356872238,106.73177141445122,2.722775472156774,9.801991699764386,18.608888888888888,66.992,57.19000830023562,244.22359168786963,ai-acceleration+inertial,INS_DEAD_RECKONING
127.20000000000002,-123.85289150145323,5.376731405897756,-16.35521742416779,-8.216584111901511,108.35371778943595,2.7296473299613204,9.826730387860755,18.636111111111113,67.09,57.26326961213925,244.23161309700146,ai-acceleration+inertial,INS_DEAD_RECKONING
127.30000000000001,-125.71380904210636,5.4212592012581435,-16.600419792122608,-8.336881556940654,109.97735289931687,2.7327944878929333,9.83806015641456,18.599999999999998,66.96,57.12193984358544,243.86721193929827,ai-acceleration+inertial,INS_DEAD_RECKONING
127.4,-127.56793491290055,5.510314794811381,-16.844114322410604,-8.460291131999412,111.60171269347639,2.7304260754185417,9.82953387150675,18.641944444444444,67.111,57.28146612849325,243.1418473706627,ai-acceleration+inertial,INS_DEAD_RECKONING
127.5,-129.42885245355367,5.5993703869483875,-17.08759367242689,-8.584529308801166,113.23312869963092,2.736467684638756,9.851283664699523,18.608055555555552,66.98899999999999,57.13771633530047,242.96652228535268,ai-acceleration+inertial,INS_DEAD_RECKONING
127.6,-131.29656166407926,5.721821827021916,-17.330937840164694,-8.711276682259495,114.87592326572451,2.7510191955492944,9.90366910397746,18.803055555555556,67.691,57.78733089602254,242.4869566108282,ai-acceleration+inertial,INS_DEAD_RECKONING
127.69900000000001,-133.16427087459138,5.844273267095444,-17.573021277108552,-8.83705982824307,116.5198632206709,2.7603122322594382,9.937124036133978,18.735,67.446,57.50887596386602,242.54424666076335,ai-acceleration+inertial,INS_DEAD_RECKONING
127.799,-135.02518841524451,5.933328859940566,-17.818556617488355,-8.964085115555065,118.14959788561313,2.7686307767478713,9.967070796292337,18.59111111111111,66.928,56.960929203707664,242.6456601905015,ai-acceleration+inertial,INS_DEAD_RECKONING
127.9,-136.87252261617974,6.044648350465882,-18.06697812188,-9.093227565596237,119.76607487029509,2.7756059979861387,9.9921815927501,18.60111111111111,66.964,56.9718184072499,242.5322374653774,ai-acceleration+inertial,INS_DEAD_RECKONING
127.999,-138.73344015684637,6.155967840991197,-18.312508412181216,-9.21814982100966,121.39837023674721,2.78970016902527,10.042920608490972,18.610000000000003,66.99600000000001,56.953079391509036,243.03366720936404,ai-acceleration+inertial,INS_DEAD_RECKONING
128.099,-140.6011493673585,6.22275953544801,-18.561764928416153,-9.344247075098707,123.02822053922736,2.7970458740441004,10.069365146558761,18.72388888888889,67.406,57.33663485344125,243.16544750224412,ai-acceleration+inertial,INS_DEAD_RECKONING
128.20000000000002,-142.43490022858927,6.27841928035661,-18.81546368779064,-9.46868327231482,124.6183627298517,2.798456531124152,10.074443512046948,18.36111111111111,66.1,56.02555648795305,243.87260347215067,ai-acceleration+inertial,INS_DEAD_RECKONING
128.299,-144.28902609938345,6.35634292506975,-19.06505314052231,-9.589562706663742,126.23515877130957,2.8039804655202096,10.094329675872755,18.53611111111111,66.73,56.63567032412725,244.1584864936091,ai-acceleration+inertial,INS_DEAD_RECKONING
128.399,-146.14315197017763,6.423134619526563,-19.317490852274574,-9.712445493821406,127.84797715876249,2.8111767965468073,10.120236467568507,18.589999999999996,66.92399999999999,56.80376353243149,244.04389493458294,ai-acceleration+inertial,INS_DEAD_RECKONING
128.499,-147.97011116154948,6.534454110051879,-19.57044837629465,-9.83556880189687,129.4389858331132,2.81543347784863,10.13556052025507,18.28388888888889,65.822,55.686439479744934,244.04618676576345,ai-acceleration+inertial,INS_DEAD_RECKONING
128.6,-149.7495286639221,6.734829193422317,-19.825366131051254,-9.962595913342597,130.99271741231976,2.8244454206532184,10.168003514351586,17.923055555555553,64.523,54.354996485648414,243.51263700778173,ai-acceleration+inertial,INS_DEAD_RECKONING
128.70000000000002,-151.53573783618066,6.890676480016135,-20.078629235819136,-10.088691029336161,132.5491241864121,2.8338998680003753,10.202039524801352,17.923055555555553,64.523,54.320960475198646,243.5321175728162,ai-acceleration+inertial,INS_DEAD_RECKONING
128.799,-153.3151553385398,7.046523768026185,-20.330649823475397,-10.213626236498186,134.09993096666707,2.8486947399149414,10.25530106369379,17.923055555555553,64.523,54.2676989363062,243.63081528260543,ai-acceleration+inertial,INS_DEAD_RECKONING
128.899,-155.0945728409124,7.202371054620004,-20.58762824391141,-10.338665209787536,135.64588492855194,2.8669908151536356,10.321166934553089,17.923055555555553,64.523,54.201833065446905,244.05365813541195,ai-acceleration+inertial,INS_DEAD_RECKONING
128.999,-156.88078201315747,7.358218341213823,-20.84599275078324,-10.464027317645645,137.19728980553262,2.87645332569983,10.355231972519388,17.923055555555553,64.523,54.167768027480605,244.11668349287635,ai-acceleration+inertial,INS_DEAD_RECKONING
129.1,-158.6601995155301,7.514065628515757,-21.109361739604765,-10.58754634211192,138.73680596292428,2.883852984095087,10.381870742742313,17.923055555555553,64.523,54.14112925725768,244.87360657686776,ai-acceleration+inertial,INS_DEAD_RECKONING
129.199,-160.43961701792972,7.669912915817692,-21.368638489881164,-10.707952026748643,140.28001635513218,2.891309316011706,10.408713537642141,17.923055555555553,64.523,54.11428646235785,245.09028775583036,ai-acceleration+inertial,INS_DEAD_RECKONING
129.299,-162.22582619014779,7.825760203119627,-21.63105722935535,-10.830072125808641,141.82711002845573,2.8975390468891824,10.431140568801057,17.923055555555553,64.523,54.09185943119894,245.0444511322199,ai-acceleration+inertial,INS_DEAD_RECKONING
129.399,-164.0052436925204,7.981607489713445,-21.893594246453233,-10.953158747977653,143.36752170822334,2.901633373504296,10.445880144615465,17.923055555555553,64.523,54.07711985538453,244.88115816060764,ai-acceleration+inertial,INS_DEAD_RECKONING
129.499,-165.78466119492,8.13745477701538,-22.156414194963475,-11.077424743653381,144.90784979177056,2.912706245617762,10.485742484223945,17.923055555555553,64.523,54.03725751577605,244.694373919395,ai-acceleration+inertial,INS_DEAD_RECKONING
129.6,-167.5708703671381,8.293302064317315,-22.42241069393839,-11.204183533343667,146.45213310202578,2.9220582996374183,10.519409878694706,17.923055555555553,64.523,54.003590121305294,244.52018902009726,ai-acceleration+inertial,INS_DEAD_RECKONING
129.699,-170.15170491258453,6.4899263132752605,-22.683049241420747,-11.330166868952745,148.5414424545674,2.926217312358044,10.53438232448896,19.351944444444445,69.667,59.13261767551104,244.20254121847668,ai-acceleration+inertial,INS_DEAD_RECKONING
129.8,-171.93112241497067,6.901808428856232,-22.949124504048086,-11.459116440686643,150.10915782721298,2.9287442936080033,10.543479456988813,19.026944444444442,68.497,57.95352054301119,244.1435151064223,ai-acceleration+inertial,INS_DEAD_RECKONING
129.899,-173.81241496518717,7.035391817769858,-23.21061795479892,-11.58502174174464,151.7485455083031,2.934401602238637,10.563845768059094,18.938055555555554,68.17699999999999,57.6131542319409,244.28985998645462,ai-acceleration+inertial,INS_DEAD_RECKONING
129.999,-175.6733325058403,7.091051563386573,-23.47568916526336,-11.711098978749419,153.35463313325297,2.936142369417307,10.570112529902307,18.768055555555556,67.565,56.994887470097694,244.56258789693686,ai-acceleration+inertial,INS_DEAD_RECKONING
130.099,-177.55462505607034,7.113315461774882,-23.740573775822725,-11.837535993611425,154.97708586151296,2.934127663159388,10.562859587373797,18.758888888888887,67.532,56.9691404126262,244.4835197212088,ai-acceleration+inertial,INS_DEAD_RECKONING
130.199,-179.42912593642788,7.168975208099713,-24.005986775970996,-11.962969613532806,156.5962435665324,2.9370784703106727,10.573482493118423,18.72388888888889,67.406,56.83251750688159,244.70468143012937,ai-acceleration+inertial,INS_DEAD_RECKONING
130.299,-181.3104184866714,7.224634952300198,-24.270905205145255,-12.089891494019469,158.2228165074311,2.9379853714674287,10.576747337282743,18.758888888888887,67.532,56.95525266271726,244.40101379871004,ai-acceleration+inertial,INS_DEAD_RECKONING
130.399,-183.18491936702898,7.280294698625029,-24.535853553083655,-12.217577791812772,159.84271367594746,2.9442393001836393,10.599261480661102,18.761111111111113,67.54,56.94073851933891,244.26923350582996,ai-acceleration+inertial,INS_DEAD_RECKONING
130.5,-185.07300358709094,7.3248224946935325,-24.80356367296895,-12.347572700236867,161.47227781601362,2.948884052903092,10.615982590451132,18.775000000000002,67.59,56.97401740954887,244.0996781055169,ai-acceleration+inertial,INS_DEAD_RECKONING
130.599,-186.947504467489,7.391614189150345,-25.066544483842847,-12.474875641641262,163.09544022879302,2.9535967800103413,10.63294840803723,18.71,67.35600000000001,56.72305159196278,244.16944717622997,ai-acceleration+inertial,INS_DEAD_RECKONING
130.699,-188.82200534784656,7.447273934058945,-25.332985716428254,-12.602865212280278,164.71389625599244,2.9581630464350854,10.649386967166308,18.726111111111113,67.414,56.764613032833694,244.34190747256437,ai-acceleration+inertial,INS_DEAD_RECKONING
130.799,-190.68971455835867,7.5029336803837765,-25.59999801707079,-12.730570896199652,166.32501079252455,2.96144202146445,10.661191277272021,18.726111111111113,67.414,56.75280872272798,244.4393102977366,ai-acceleration+inertial,INS_DEAD_RECKONING
130.899,-192.5574237688708,7.5585934252923765,-25.865561136410577,-12.862431096397899,167.93806986622914,2.9685118653654046,10.686642715315458,18.726111111111113,67.414,56.727357284684544,243.59419754991868,ai-acceleration+inertial,INS_DEAD_RECKONING
131.0,-194.42513297936935,7.614253170909092,-26.133514425100316,-12.997779991045235,169.54918102628835,2.9759848131985263,10.713545327514694,18.726111111111113,67.414,56.70045467248531,243.20069013622282,ai-acceleration+inertial,INS_DEAD_RECKONING
131.099,-196.2928421898815,7.669912915817692,-26.39681754837767,-13.130681849320922,171.16461062839477,2.9824618714235567,10.736862737124804,18.726111111111113,67.414,56.6771372628752,243.2177069827382,ai-acceleration+inertial,INS_DEAD_RECKONING
131.20000000000002,-198.1605514003936,7.725572661434407,-26.66611233886374,-13.26640669661316,172.77443626415763,2.989104857441103,10.760777486787973,18.726111111111113,67.414,56.65322251321203,243.25184953775008,ai-acceleration+inertial,INS_DEAD_RECKONING
131.299,-200.02826061090568,7.781232407051124,-26.9312574950103,-13.398598210130814,174.38795174173245,2.996169391543658,10.78620980955717,18.726111111111113,67.414,56.62779019044283,243.50086272509185,ai-acceleration+inertial,INS_DEAD_RECKONING
131.399,-202.1812199553996,7.180107156231695,-27.199664016044665,-13.53241236767127,176.20315940409714,3.002106670527314,10.807584013898332,19.478888888888886,70.124,59.31641598610166,243.50143568288698,ai-acceleration+inertial,INS_DEAD_RECKONING
131.499,-203.86555407978727,7.781232407051124,-27.468729618807515,-13.666088473602173,177.69588417539507,3.006740136872063,10.824264492739427,18.428055555555556,66.34100000000001,55.51673550726058,243.58107681641016,ai-acceleration+inertial,INS_DEAD_RECKONING
131.599,-205.53630486447054,8.11519087862707,-27.738217940934533,-13.799917477249068,179.14360632721184,3.011038788278789,10.83973963780364,17.418055555555554,62.705,51.86526036219636,243.59081709892737,ai-acceleration+inertial,INS_DEAD_RECKONING
131.70000000000002,-207.21384731899926,8.34896180993403,-28.010065907680712,-13.937298594834715,180.5842536738594,3.020440521937359,10.873585878974492,16.995,61.182,50.30841412102551,243.18978674938134,ai-acceleration+inertial,INS_DEAD_RECKONING
131.799,-208.95930647207706,8.415753504390842,-28.276790425166894,-14.073578967060143,182.07674667582737,3.030538636302882,10.909939090690376,17.41111111111111,62.68,51.77006090930962,242.93566850808494,ai-acceleration+inertial,INS_DEAD_RECKONING
131.9,-210.6640156060551,8.504809097235965,-28.54989984532392,-14.212749649129876,183.52558032794116,3.0392523132166125,10.941308327579804,17.20111111111111,61.924,50.982691672420195,242.99758805700472,ai-acceleration+inertial,INS_DEAD_RECKONING
131.999,-212.30759971130252,8.604996638213068,-28.81850846633472,-14.349168222168458,184.91928047216086,3.046909910692971,10.968875678494696,16.883888888888887,60.782,49.8131243215053,243.0752983227583,ai-acceleration+inertial,INS_DEAD_RECKONING
132.1,-213.8696837782829,8.771975875063214,-29.093786519587695,-14.487863628397548,186.23413312677846,3.056933561380585,11.004960820970107,16.541944444444443,59.550999999999995,48.54603917902989,243.2593209073984,ai-acceleration+inertial,INS_DEAD_RECKONING
132.199,-215.28235110840666,8.96121900888544,-29.36440960107899,-14.623844366827967,187.40794057018644,3.061564802291169,11.021633288248207,15.851944444444444,57.067,46.0453667117518,243.32171601128817,ai-acceleration+inertial,INS_DEAD_RECKONING
132.299,-216.64068507969924,9.228385787420805,-29.637911944174505,-14.761460313765042,188.53527488598814,3.061887835890343,11.022796209205236,15.273055555555555,54.983,43.960203790794765,243.290203332556,ai-acceleration+inertial,INS_DEAD_RECKONING
132.4,-217.95826903183803,9.551212310864772,-29.915022258626664,-14.899268039546854,189.62618133152588,3.0665321785756627,11.039515842872387,14.795,53.262,42.22248415712761,243.55871427366608,ai-acceleration+inertial,INS_DEAD_RECKONING
132.5,-218.94985283086825,10.029886120902557,-30.189560997658532,-15.036729600669787,190.41739152895536,3.0740606271911117,11.066618257888003,13.711944444444445,49.363,38.296381742112,243.40286975339052,ai-acceleration+inertial,INS_DEAD_RECKONING
132.6,-220.0568950174603,10.53082382932865,-30.46456108542634,-15.17439120567559,191.32697448554316,3.07657399909161,11.075666396729797,13.303055555555556,47.891000000000005,36.815333603270204,243.4080263735467,ai-acceleration+inertial,INS_DEAD_RECKONING
132.70000000000002,-221.24543724233286,11.098553232919672,-30.739525837535666,-15.312999305266004,192.32803328597154,3.0819264734115723,11.09493530428166,13.23111111111111,47.632,36.537064695718335,243.24759819091003,ai-acceleration+inertial,INS_DEAD_RECKONING
132.8,-222.37964610834723,11.7553382286477,-31.015733074888942,-15.450147837218083,193.28808986473274,3.0857362210927186,11.108650395933788,13.14888888888889,47.336000000000006,36.22734960406622,243.593664699169,ai-acceleration+inertial,INS_DEAD_RECKONING
132.899,-223.37122990739095,12.52344271419293,-31.289293194869174,-15.586772852964117,194.12793366866413,3.0916416709537207,11.129910015433394,12.905,46.458,35.3280899845666,243.46093329634903,ai-acceleration+inertial,INS_DEAD_RECKONING
133.002,-224.43752207485622,13.302679149994486,-31.57574497207969,-15.72628187382702,195.03421660150715,3.095114319987985,11.142411551956746,12.898055555555555,46.433,35.29058844804325,244.0327852829353,ai-acceleration+inertial,INS_DEAD_RECKONING
133.1,-225.5038142422945,14.115311433024448,-31.84765171616158,-15.860694165685572,195.96242036676804,3.094986121322834,11.141950036762204,12.928888888888888,46.544,35.40204996323779,243.6953246007592,ai-acceleration+inertial,INS_DEAD_RECKONING
133.199,-226.536148060492,14.983603460963012,-32.12152029162246,-15.997889407702843,196.8677230804463,3.0931182634461107,11.135225748405999,12.956944444444446,46.645,35.509774251594,243.39129027635093,ai-acceleration+inertial,INS_DEAD_RECKONING
133.299,-227.5956485580713,15.95208303129491,-32.39699446845219,-16.138309746849473,197.81887641742978,3.09085760151566,11.127087365456378,13.091944444444444,47.131,36.003912634543624,242.99021981975937,ai-acceleration+inertial,INS_DEAD_RECKONING
133.399,-228.51931565855242,16.998486244923715,-32.67191157793849,-16.279205482273795,198.6545002052701,3.0875248841864096,11.115089583071075,13.106111111111112,47.182,36.06691041692893,242.86474206262574,ai-acceleration+inertial,INS_DEAD_RECKONING
133.499,-229.55844114658186,18.08941725391291,-32.946552652785385,-16.420355307427286,199.61753204398778,3.088266340715641,11.117758826576308,13.311111111111112,47.92,36.802241173423695,242.79942487398083,ai-acceleration+inertial,INS_DEAD_RECKONING
133.6,-230.44814989778163,19.213744110838626,-33.224393267064215,-16.563153060521273,200.44250185712238,3.0976455106928564,11.151523838494283,13.355,48.078,36.92647616150572,242.79884618660773,ai-acceleration+inertial,INS_DEAD_RECKONING
133.70000000000002,-231.31069196953212,20.404862662929272,-33.50125128830132,-16.70277534070584,201.25991061517988,3.1037977099526977,11.173671755829712,13.421111111111111,48.316,37.14232824417029,243.23773185767806,ai-acceleration+inertial,INS_DEAD_RECKONING
133.799,-232.09173400301557,21.629377061540207,-33.77537890350442,-16.842586720473037,202.01353592568975,3.112819578321912,11.206150481958884,13.451944444444443,48.427,37.22084951804111,242.97737410599268,ai-acceleration+inertial,INS_DEAD_RECKONING
133.899,-232.80485933794992,22.798231714534428,-34.05319926807266,-16.983781225976998,202.69393413255133,3.1199981906599428,11.231993486375794,13.381944444444443,48.175,36.943006513624205,243.05930707069638,ai-acceleration+inertial,INS_DEAD_RECKONING
134.0,-233.4908179934349,23.944822469140338,-34.33346181108925,-17.128755058883826,203.3486938548962,3.128287691200139,11.2618356883205,13.308055555555555,47.909,36.6471643116795,242.64843903580808,ai-acceleration+inertial,INS_DEAD_RECKONING
134.099,-234.13602662979312,25.091413224454364,-34.60975275525897,-17.269917696932396,203.97356770838434,3.139666256749593,11.302798524298536,13.219999999999999,47.592,36.28920147570146,242.93659097013526,ai-acceleration+inertial,INS_DEAD_RECKONING
134.20000000000002,-234.74727691688355,26.260267878156696,-34.892530967809364,-17.414574938469855,204.5712867765807,3.150049747017382,11.340179089262575,13.143055555555554,47.315,35.97482091073742,242.90765660148114,ai-acceleration+inertial,INS_DEAD_RECKONING
134.3,-235.23627714653972,27.217615498940383,-35.17457124838063,-17.55627721355853,205.0107012707187,3.1626756431779217,11.38563231544052,12.848055555555556,46.253,34.86736768455948,243.32419691854122,ai-acceleration+inertial,INS_DEAD_RECKONING
134.4,-235.69131902691456,28.119303374815466,-35.45749785873335,-17.698860910278967,205.40907311525234,3.173808473938009,11.425710506176832,12.543055555555556,45.155,33.72928949382317,243.25372310974012,ai-acceleration+inertial,INS_DEAD_RECKONING
134.499,-236.10561088817613,28.998727352302243,-35.738443507190254,-17.84083363748715,205.76915764515394,3.1853919250464346,11.467410930167166,12.22888888888889,44.024,32.55658906983284,243.19076077763322,ai-acceleration+inertial,INS_DEAD_RECKONING
134.599,-236.51311107953828,29.833623532304284,-36.02245820566992,-17.986083603181044,206.11459502013332,3.194636334658564,11.50069080477083,11.92888888888889,42.944,31.443309195229173,242.91402216258504,ai-acceleration+inertial,INS_DEAD_RECKONING
134.699,-236.88665292164606,30.668519713722556,-36.307131052096736,-18.132446733151,206.43080903674698,3.2072632367907175,11.546147652446583,11.649999999999999,41.94,30.393852347553413,242.79026327883676,ai-acceleration+inertial,INS_DEAD_RECKONING
134.799,-237.70844497426978,32.627742751358426,-36.59318736120133,-18.279072973461922,207.45806981655764,3.221654753859582,11.597957113894495,12.385000000000002,44.586000000000006,32.98804288610551,242.861310045433,ai-acceleration+inertial,INS_DEAD_RECKONING
134.9,-238.57098704603374,34.58696578970242,-36.88299213064039,-18.42834946214353,208.53937504520422,3.2336168972860797,11.641020830229888,13.07611111111111,47.074,35.43297916977011,242.7473086329358,ai-acceleration+inertial,INS_DEAD_RECKONING
135.0,-239.56257084506396,37.0582584853126,-37.17089258818413,-18.57657948707339,209.89908676278228,3.242765233027467,11.673954838898881,14.12,50.832,39.15804516110112,242.75762187324815,ai-acceleration+inertial,INS_DEAD_RECKONING
135.099,-240.54057130438974,39.451627536917755,-37.45573613889508,-18.725432954074336,211.2534511944567,3.250014555055223,11.700052398198803,15.011111111111111,54.04,42.3399476018012,242.40934374789998,ai-acceleration+inertial,INS_DEAD_RECKONING
135.20000000000002,-241.45065506515297,41.800468793162516,-37.74688428762818,-18.8780006123788,212.5490599329519,3.2589097362787687,11.732075050603568,15.768888888888888,56.768,45.03592494939643,242.34453076211477,ai-acceleration+inertial,INS_DEAD_RECKONING
135.3,-242.31998880676235,44.160441998247386,-38.036066382101126,-19.029796125845508,213.8338774735766,3.273108685998121,11.783191269593237,16.45388888888889,59.23400000000001,47.45080873040677,242.30442371645563,ai-acceleration+inertial,INS_DEAD_RECKONING
135.4,-243.25044757708895,46.564942998692636,-38.32790778478039,-19.1793506450268,215.2105003517298,3.285487460293227,11.827754857055616,17.13888888888889,61.7,49.87224514294439,242.86706827127406,ai-acceleration+inertial,INS_DEAD_RECKONING
135.5,-244.19448968714693,49.06963154153122,-38.62115351243904,-19.328489914761292,216.65340884636274,3.2943477524456735,11.859651908804425,17.83611111111111,64.21,52.35034809119557,243.0429663143792,ai-acceleration+inertial,INS_DEAD_RECKONING
135.599,-245.11136511774208,51.60771593230633,-38.91245175775401,-19.475924373508803,218.10748678109692,3.301281962255771,11.884615064120776,18.483055555555556,66.539,54.65438493587922,243.15471027316357,ai-acceleration+inertial,INS_DEAD_RECKONING
135.699,-245.980698859365,54.1012725255967,-39.208656003851274,-19.622390280047284,219.52188083223663,3.3074763835803105,11.906914980889118,19.033055555555553,68.51899999999999,56.61208501911087,243.68870693822564,ai-acceleration+inertial,INS_DEAD_RECKONING
135.8,-246.89078262012822,56.6170930179835,-39.50807569823371,-19.77127881610039,221.0040055784389,3.3142048165629,11.93113733962644,19.57111111111111,70.456,58.524862660373564,243.5608170287745,ai-acceleration+inertial,INS_DEAD_RECKONING
135.899,-247.79407471103244,59.16630935689059,-39.80308691689845,-19.915998811169004,222.5180048193124,3.324103282586664,11.96677181731199,20.086944444444445,72.313,60.34622818268801,243.86938917892013,ai-acceleration+inertial,INS_DEAD_RECKONING
135.999,-248.1744082229992,61.58194230688405,-40.102454190875164,-20.061861630571116,223.51655145900037,3.3361287497739505,12.010063499186222,20.328055555555554,73.181,61.170936500813774,244.02294186801518,ai-acceleration+inertial,INS_DEAD_RECKONING
136.099,-249.26786706987332,64.48738101646352,-40.403224706842764,-20.207712829873458,225.38344604490473,3.3492426120389562,12.057273403340243,21.088055555555556,75.917,63.859726596659755,244.13008497570465,ai-acceleration+inertial,INS_DEAD_RECKONING
136.20000000000002,-249.70932561053024,67.22584049060906,-40.70839242640187,-20.355007890229388,226.60934463288115,3.3607708532447056,12.09877507168094,21.47,77.292,65.19322492831907,244.23482739023254,ai-acceleration+inertial,INS_DEAD_RECKONING
136.299,-250.78920111771345,70.20920284348543,-41.00840562078076,-20.499987176485348,228.55226823071578,3.3706838557793155,12.134461880805537,22.2,79.92,67.78553811919447,244.2081676640251,ai-acceleration+inertial,INS_DEAD_RECKONING
136.399,-251.8962433043055,73.2259610435902,-41.31299575526879,-20.645502381238344,230.55835659072912,3.3806071271885365,12.170185657878731,22.908055555555553,82.469,70.29881434212126,244.46427979844856,ai-acceleration+inertial,INS_DEAD_RECKONING
136.499,-252.50070192153694,76.63233746230388,-41.617535627840994,-20.79300739186644,232.30025321985474,3.387029451313226,12.193306024727613,23.64388888888889,85.118,72.92469397527238,244.15660146246333,ai-acceleration+inertial,INS_DEAD_RECKONING
136.599,-253.2681606153025,79.54890812143155,-41.923449079715056,-20.93964731977738,234.01824046155375,3.397845153135427,12.232242551287536,24.02305555555555,86.48299999999999,74.25075744871245,244.38922232728643,ai-acceleration+inertial,INS_DEAD_RECKONING
136.699,-254.05599431864488,82.63245801670125,-42.231129749354466,-21.08593672060786,235.85435899444914,3.41590515825848,12.297258569730529,24.495,88.182,75.88474143026947,244.57084994834295,ai-acceleration+inertial,INS_DEAD_RECKONING
136.799,-254.89816138083197,86.0165705363185,-42.542203371387984,-21.22875315408777,237.9004252950565,3.4299207815971533,12.347714813749752,25.038055555555555,90.137,77.78928518625025,245.33975930940846,ai-acceleration+inertial,INS_DEAD_RECKONING
136.9,-255.7335367731736,89.62332203698638,-42.85634431799747,-21.375710541026194,240.07807959256255,3.43771336344252,12.375768108393073,25.54,91.944,79.56823189160693,244.92946996189323,ai-acceleration+inertial,INS_DEAD_RECKONING
137.0,-256.5553288257973,93.45271252082924,-43.16723966621015,-21.5231629682674,242.39209669389834,3.4440926739179822,12.398733626104736,26.065,93.834,81.43526637389527,244.6258023304739,ai-acceleration+inertial,INS_DEAD_RECKONING
137.1,-257.0918707444662,97.3934224951974,-43.47907156234089,-21.669488900421413,244.55348054040033,3.4450410848426567,12.402147905433564,0.0,0.0,12.402147905433564,244.86186094206778,ai-acceleration+inertial,INS_DEAD_RECKONING
137.20000000000002,-257.4857875961239,99.21906214462777,-43.79205889949657,-21.812903942537076,245.58857159728012,3.440565570341492,12.386036053229372,1.1738888888888888,4.226,8.160036053229373,245.38210662004667,ai-acceleration+inertial,INS_DEAD_RECKONING
137.3,-257.61482932341715,103.51599448966832,-44.10592825259329,-21.955112244335595,247.64702594928664,3.451086536773958,12.42391153238625,3.675,13.23,0.8060884676137512,245.62561368297725,ai-acceleration+inertial,INS_DEAD_RECKONING
137.4,-257.5876626439678,108.36952428733544,-44.420467430304825,-22.09970673810639,249.92493544988668,3.4725674679922665,12.501242884772159,6.383055555555555,22.979,10.47775711522784,245.31163281124557,ai-acceleration+inertial,INS_DEAD_RECKONING
137.5,-258.0359128545106,111.07458791354446,-44.73511736277351,-22.247021137328545,251.53902440242086,3.475989568421327,12.513562446316778,7.523055555555555,27.083,14.56943755368322,244.91170827024428,ai-acceleration+inertial,INS_DEAD_RECKONING
137.6,-258.17853792148134,114.75926305892547,-45.05196235793346,-22.390841231583977,253.44247536342897,3.48317619967388,12.539434318825968,9.261944444444445,33.343,20.803565681174035,245.5860795951132,ai-acceleration+inertial,INS_DEAD_RECKONING
137.699,-257.981579495639,117.66470176850494,-45.36966280181707,-22.52505419631325,254.67036497734858,3.4842276668472905,12.543219600650247,10.261111111111111,36.94,24.39678039934975,247.09831002211408,ai-acceleration+inertial,INS_DEAD_RECKONING
137.799,-258.78978820855826,119.41241777393027,-45.68827274386382,-22.66600116818782,256.1221056887543,3.483651323251438,12.541144763705178,10.53111111111111,37.912,25.370855236294823,246.13631388408947,ai-acceleration+inertial,INS_DEAD_RECKONING
137.9,-260.48770567267735,120.4810848859474,-46.00840665071729,-22.811045815068354,257.94186249965,3.475939574394229,12.513382467819225,0.0,0.0,12.513382467819225,245.62591162103104,ai-acceleration+inertial,INS_DEAD_RECKONING
137.999,-261.68983123724087,123.62029452612569,-46.32232888483725,-22.953306076212755,260.51291995416733,3.4867314846909343,12.552233344887364,3.303888888888889,11.894,0.6582333448873641,245.6213737952936,ai-acceleration+inertial,INS_DEAD_RECKONING
138.099,-271.7007526055954,123.40878749391516,-46.64136700993839,-23.095939456975145,268.5430357757385,3.5026778344368457,12.609640203972644,10.076944444444445,36.277,23.667359796027355,245.91186339742492,ai-acceleration+inertial,INS_DEAD_RECKONING
138.20000000000002,-278.628255859116,123.54237088212066,-46.96514773034335,-23.240261719600483,274.24977101426225,3.5169180344296698,12.660904923946811,15.053055555555556,54.191,41.53009507605319,245.97551900846398,ai-acceleration+inertial,INS_DEAD_RECKONING
138.3,-280.7472568543286,124.96726036481016,-47.2879685524689,-23.381952157966737,276.6057268939652,3.534024130195868,12.722486868705126,16.73,60.228,47.505513131294876,246.30267790948366,ai-acceleration+inertial,INS_DEAD_RECKONING
138.4,-282.32971593085887,126.08045527218766,-47.611442363391234,-23.52461258093686,278.3421352828755,3.536684536823801,12.732064332565685,17.06888888888889,61.448,48.715935667434316,246.2012643797455,ai-acceleration+inertial,INS_DEAD_RECKONING
138.5,-283.7355915911507,127.44968500926043,-47.935583300481596,-23.666650545646576,280.0674754080218,3.5412284470073514,12.748422409226466,17.353055555555553,62.47099999999999,49.722577590773525,246.33705537719152,ai-acceleration+inertial,INS_DEAD_RECKONING
138.599,-285.1890089404147,128.67419940787138,-48.25733552640651,-23.807171207660815,281.7573180088736,3.5516818965220684,12.786054827479447,17.458888888888886,62.85199999999999,50.06594517252054,246.40739167612176,ai-acceleration+inertial,INS_DEAD_RECKONING
138.699,-286.5609262514117,130.3773876172282,-48.582956578215885,-23.95013435755851,283.6379701109405,3.5607728586257728,12.818782291052782,17.59611111111111,63.346,50.52721770894721,246.29623786386637,ai-acceleration+inertial,INS_DEAD_RECKONING
138.8,-287.9328435623952,131.31247133962358,-48.91338410434935,-24.09230728824923,285.09813612157234,3.562313266408387,12.824327759070194,17.615,63.413999999999994,50.5896722409298,246.7192583335894,ai-acceleration+inertial,INS_DEAD_RECKONING
138.9,-289.33871922265996,132.20302726524233,-49.241716514396444,-24.232191730253476,286.5633410812706,3.5754687028646095,12.871687330312595,17.606944444444444,63.385,50.5133126696874,246.9238042664511,ai-acceleration+inertial,INS_DEAD_RECKONING
138.999,-290.76496989252865,133.07131929459715,-49.56884448450836,-24.368538733697733,288.03277557911895,3.5842371065904506,12.903253583725622,17.61111111111111,63.4,50.49674641627438,247.37361624267442,ai-acceleration+inertial,INS_DEAD_RECKONING
139.099,-292.1776372226524,133.97300717047221,-49.899531351773646,-24.507756797436826,289.5079154914988,3.591708084198066,12.930149103113038,17.69388888888889,63.698,50.76785089688696,247.16907030981272,ai-acceleration+inertial,INS_DEAD_RECKONING
139.199,-293.69897127049256,134.64092411433222,-50.23082978061211,-24.64734934648115,290.9458540393097,3.598416496071228,12.954299385856421,17.711944444444445,63.763000000000005,50.80870061414358,247.15188157595878,ai-acceleration+inertial,INS_DEAD_RECKONING
139.3,-295.28822201689525,135.33110495799679,-50.565898934788265,-24.789615872964163,292.45112523997864,3.609915083939485,12.995694302182146,17.70111111111111,63.724,50.72830569781785,246.99447861048046,ai-acceleration+inertial,INS_DEAD_RECKONING
139.4,-296.8638894235801,136.010153851405,-50.898213172454746,-24.93162354811767,293.94109887219054,3.6177797728832726,13.024007182379782,17.72888888888889,63.824000000000005,50.79999281762022,246.86155240201012,ai-acceleration+inertial,INS_DEAD_RECKONING
139.5,-298.4938901891231,136.4554318142144,-51.23109211286305,-25.074341238668126,295.3485379937017,3.6258858230271986,13.053188962897915,17.726944444444445,63.81700000000001,50.763811037102094,246.79337042438956,ai-acceleration+inertial,INS_DEAD_RECKONING
139.599,-300.13068262452504,136.9675014728968,-51.56128336680979,-25.214504046440823,296.7991731147779,3.620753043792899,13.034710957654438,17.648888888888887,63.535999999999994,50.501289042345554,246.9992742672257,ai-acceleration+inertial,INS_DEAD_RECKONING
139.699,-301.7742667297724,137.45730723177468,-51.89587241058115,-25.3541586002317,298.2394765182903,3.630542636464791,13.069953491273248,17.705,63.73799999999999,50.668046508726746,247.34476781768967,ai-acceleration+inertial,INS_DEAD_RECKONING
139.8,-303.46539252400555,138.0361685842058,-52.23479781911391,-25.494771738008126,299.7652083855647,3.635529153755348,13.087904953519253,17.830000000000002,64.188,51.100095046480746,247.4674495407831,ai-acceleration+inertial,INS_DEAD_RECKONING
139.9,-305.3534767440945,138.38125900532995,-52.572874202028345,-25.628761006594686,301.32593596609297,3.637675498414797,13.09563179429327,17.74888888888889,63.896,50.80036820570673,248.38017130842644,ai-acceleration+inertial,INS_DEAD_RECKONING
139.999,-307.1396859163126,138.90446061214436,-52.90673033135448,-25.76381596460297,302.90268571971995,3.6378502474401486,13.096260890784535,17.54,63.144,50.04773910921546,247.9751703613603,ai-acceleration+inertial,INS_DEAD_RECKONING
140.1,-309.0073951268382,139.34973857495373,-53.246733138634454,-25.903592321745606,304.503168445089,3.64161567022168,13.109816412798049,17.663888888888888,63.589999999999996,50.48018358720195,247.65226280718048,ai-acceleration+inertial,INS_DEAD_RECKONING
140.199,-310.7053125909438,139.81728043615144,-53.58536382690289,-26.0277480336228,305.96607903583566,3.644717949516864,13.12098461826071,17.573055555555555,63.263,50.142015381739284,249.86502008239816,ai-acceleration+inertial,INS_DEAD_RECKONING
140.299,-312.5662301315969,139.91746797854478,-53.923026261371035,-26.165226018911795,307.37561411684567,3.646814566768345,13.128532440366042,17.648888888888887,63.535999999999994,50.40746755963395,247.84648977015237,ai-acceleration+inertial,INS_DEAD_RECKONING
140.399,-314.20981423684435,139.91746797854478,-54.25653910850127,-26.314760812524526,308.5593283937441,3.663218913366101,13.187588088117964,17.49,62.964,49.776411911882036,245.8503048119167,ai-acceleration+inertial,INS_DEAD_RECKONING
140.499,-315.9484817200902,140.0733152658467,-54.59119547813873,-26.46540759886554,309.90769155535133,3.676790350219236,13.23644526078925,17.525000000000002,63.09000000000001,49.853554739210765,245.7649341004422,ai-acceleration+inertial,INS_DEAD_RECKONING
140.599,-317.79581592102545,140.1401069603035,-54.92704649007112,-26.61607141949125,311.29987627684363,3.6851520310158024,13.266547311656888,17.523055555555555,63.083,49.81645268834311,245.83884565601406,ai-acceleration+inertial,INS_DEAD_RECKONING
140.699,-319.5548584138346,140.24029450128063,-55.26286543290621,-26.768094516853097,312.63726514327016,3.687374930571313,13.274549750056726,17.55,63.18000000000001,49.90545024994328,245.64404000566952,ai-acceleration+inertial,INS_DEAD_RECKONING
140.799,-321.45652597364153,139.70596094562612,-55.60047205363128,-26.917841759640623,313.75616812085633,3.6991659941073,13.31699757878628,17.413055555555555,62.687,49.37000242121372,246.08006088776406,ai-acceleration+inertial,INS_DEAD_RECKONING
140.901,-323.34461019370355,139.0714398482864,-55.947847523392625,-27.067003518404903,314.80630719677436,3.7135050592415033,13.368618213269412,17.42888888888889,62.744,49.375381786730586,246.76149105266907,ai-acceleration+inertial,INS_DEAD_RECKONING
140.999,-325.21231940422916,138.38125900532995,-56.283209433131105,-27.21125978167956,315.82233687323804,3.736941539311286,13.45298954152063,17.50611111111111,63.022,49.56901045847937,246.72499364111926,ai-acceleration+inertial,INS_DEAD_RECKONING
141.099,-327.0664452750233,137.6576823151451,-56.62748010913299,-27.357918334303633,316.8081159593232,3.747202484225522,13.48992894321188,17.44194444444444,62.79099999999999,49.30107105678811,246.92610182721018,ai-acceleration+inertial,INS_DEAD_RECKONING
141.20000000000002,-328.8526544472684,137.00089731941708,-56.97647587253374,-27.506585599282772,317.7725104735262,3.7645110376345006,13.552239735484202,17.508888888888887,63.032,49.4797602645158,246.92668051458327,ai-acceleration+inertial,INS_DEAD_RECKONING
141.299,-330.5641552510784,136.43316791582606,-57.31954203186967,-27.65414955189746,318.7275739672808,3.7800580230283773,13.608208882902158,17.44194444444444,62.79099999999999,49.182791117097835,246.72588172570175,ai-acceleration+inertial,INS_DEAD_RECKONING
141.399,-332.2009476864804,135.9878899530167,-57.6676108230796,-27.802934029354958,319.6810708662272,3.790640865361332,13.646307115300797,17.385,62.586000000000006,48.93969288469921,246.85537018740132,ai-acceleration+inertial,INS_DEAD_RECKONING
141.499,-333.91244849027686,135.4869522445906,-58.01629478105099,-27.954250863134945,320.67384443519177,3.811392723930686,13.72101380615047,17.49388888888889,62.978,49.25698619384953,246.54081635787452,ai-acceleration+inertial,INS_DEAD_RECKONING
141.599,-335.6646993132271,135.030542332233,-58.368166039711184,-28.103987010924385,321.72385990088395,3.8367259107654403,13.812213278755586,17.42,62.71200000000001,48.899786721244425,246.94818935021252,ai-acceleration+inertial,INS_DEAD_RECKONING
141.70000000000002,-337.36261677734626,134.67431996156063,-58.72496098316344,-28.258331687541414,322.77854978279635,3.8612518261679285,13.900506574204543,17.393055555555556,62.615,48.71449342579546,246.60734248746704,ai-acceleration+inertial,INS_DEAD_RECKONING
141.8,-339.0062008825936,134.37375733650498,-59.08033220447305,-28.411849590661973,323.8173030859322,3.8810075730937332,13.97162726313744,17.345,62.442,48.47037273686256,246.63599037722358,ai-acceleration+inertial,INS_DEAD_RECKONING
141.899,-340.59545162899633,134.29583369320807,-59.43413079270522,-28.565632515590295,324.9239072615116,3.912434060125747,14.08476261645269,17.43,62.748,48.66323738354731,246.50722957192383,ai-acceleration+inertial,INS_DEAD_RECKONING
142.0,-342.25261907394815,134.19564615152285,-59.79909287469786,-28.72059119388905,326.0700765988458,3.9389827493484617,14.180337897654463,17.42111111111111,62.715999999999994,48.53566210234553,246.994484340059,ai-acceleration+inertial,INS_DEAD_RECKONING
142.099,-343.8418698203509,134.17338225313455,-60.15963268676097,-28.872485618915476,327.1995823580286,3.9646525695802763,14.272749250488996,17.265,62.154,47.88125074951101,247.1544426973036,ai-acceleration+inertial,INS_DEAD_RECKONING
142.199,-345.4447039064581,134.20677810036295,-60.52521326046241,-29.028946001403114,328.3671995997796,3.9884350611699286,14.358366220211744,17.313888888888886,62.32999999999999,47.97163377978825,246.83014858525948,ai-acceleration+inertial,INS_DEAD_RECKONING
142.299,-347.05432966242415,134.3514934395329,-60.89383354742131,-29.183871562650836,329.59315093487913,4.008635539633784,14.431087942681621,17.333055555555557,62.39900000000001,47.96791205731839,247.20371706768475,ai-acceleration+inertial,INS_DEAD_RECKONING
142.4,-348.6232053992635,134.56300047174344,-61.2655253658254,-29.345010102005915,330.81758146211655,4.013499232540266,14.448597237144957,17.263055555555553,62.14699999999999,47.69840276285503,246.56195277093667,ai-acceleration+inertial,INS_DEAD_RECKONING
142.499,-350.1445394471037,134.85243114725088,-61.62915719052461,-29.506065983983234,332.04644460963266,4.020890199838239,14.475204719417661,17.138055555555557,61.697,47.22179528058234,246.111006338279,ai-acceleration+inertial,INS_DEAD_RECKONING
142.599,-351.67945683463466,135.13072987462635,-61.99589159397095,-29.67167348465125,333.2812627849575,4.026965836365625,14.497077010916252,17.128888888888888,61.663999999999994,47.166922989083744,245.69733081019456,ai-acceleration+inertial,INS_DEAD_RECKONING
142.699,-353.20758255233375,135.43129249897387,-62.364404035884036,-29.834895444962626,334.5185605718642,4.033873528676693,14.521944703236096,17.218888888888888,61.988,47.466055296763905,246.11043338048398,ai-acceleration+inertial,INS_DEAD_RECKONING
142.799,-354.81720830831335,135.64279953260063,-62.7337632224947,-29.997186368444034,335.7816907195786,4.034944292495559,14.525799452984012,17.035,61.326,46.80020054701599,246.2800288878427,ai-acceleration+inertial,INS_DEAD_RECKONING
142.899,-356.3928757149982,135.92109825855988,-63.104723193699726,-30.155453902478513,337.0450438547562,4.031279422869592,14.512605922330533,16.99888888888889,61.196,46.68339407766946,246.89481260201802,ai-acceleration+inertial,INS_DEAD_RECKONING
143.0,-357.9074180929658,136.31071647646067,-63.48061179671032,-30.310964364130598,338.3044912382285,4.023910696344626,14.486078506840656,16.97388888888889,61.10600000000001,46.61992149315935,247.52442446393138,ai-acceleration+inertial,INS_DEAD_RECKONING
143.099,-359.36083544224334,136.78939028791467,-63.84777199639154,-30.46487698647809,339.5614238818156,4.018820491876042,14.46775377075375,16.94694444444444,61.008999999999986,46.541246229246234,247.25669274542267,ai-acceleration+inertial,INS_DEAD_RECKONING
143.20000000000002,-360.80746112166196,137.26806409724435,-64.22090433621122,-30.62363343567776,340.8096356711993,4.010909414481799,14.439273892134477,16.835,60.606,46.16672610786553,246.9517244998083,ai-acceleration+inertial,INS_DEAD_RECKONING
143.299,-362.2337117915036,137.82466155128716,-64.5855317542796,-30.779919424273913,342.08470267671464,4.00342485708718,14.412329485513848,16.82611111111111,60.574,46.16167051448615,246.79914010938703,ai-acceleration+inertial,INS_DEAD_RECKONING
143.4,-363.6735458010632,138.39239095487818,-64.95544884492267,-30.94274508044566,343.37572678510605,3.999879240950868,14.399565267423126,16.823055555555555,60.563,46.163434732576874,246.24244285648203,ai-acceleration+inertial,INS_DEAD_RECKONING
143.499,-365.0862131311869,138.9823842568575,-65.31897013385566,-31.09918969418922,344.6565562583808,3.9951872073197374,14.382673946351055,16.72,60.192,45.809326053648945,246.71494396139252,ai-acceleration+inertial,INS_DEAD_RECKONING
143.599,-366.49208879147875,139.616905352781,-65.68627162326379,-31.25590908301919,345.9503697865475,3.9915856317356013,14.369708274248165,16.675,60.03,45.66029172575183,246.89313383567819,ai-acceleration+inertial,INS_DEAD_RECKONING
143.699,-367.8979644517435,140.19576670521212,-66.05282630997544,-31.41361135986591,347.217894210114,3.989199955481462,14.361119839733265,16.573055555555555,59.663000000000004,45.30188016026674,246.7212464971389,ai-acceleration+inertial,INS_DEAD_RECKONING
143.799,-369.31063178186724,140.77462805764324,-66.41988387195886,-31.569710612677568,348.4901379395605,3.988223952963453,14.35760623066843,16.505,59.418,45.06039376933157,246.9613158132987,ai-acceleration+inertial,INS_DEAD_RECKONING
143.903,-370.7436741215814,141.34235746052613,-66.802720307019,-31.72940274639174,349.76268752802497,3.9888445490630686,14.359840376627048,16.593055555555555,59.735,45.37515962337295,247.35757342441113,ai-acceleration+inertial,INS_DEAD_RECKONING
143.999,-372.16313312156416,141.89895491456895,-67.15702442123654,-31.87530405082208,351.03592326639,3.993846034458139,14.377845724049301,16.40611111111111,59.06199999999999,44.68415427595069,247.61829213950747,ai-acceleration+inertial,INS_DEAD_RECKONING
144.1,-373.6437171502505,142.42215652138336,-67.53055095888726,-32.02838032735366,352.3325990062709,3.9997407677325287,14.399066763837103,16.38888888888889,59.0,44.600933236162895,247.71551161818527,ai-acceleration+inertial,INS_DEAD_RECKONING
144.199,-375.14467618854076,142.91196228096936,-67.89798283723803,-32.17633143781717,353.63320145691284,4.002292345916087,14.408252445297911,16.405,59.05800000000001,44.649747554702095,248.06719311283663,ai-acceleration+inertial,INS_DEAD_RECKONING
144.299,-376.61846854736814,143.41289998939544,-68.26961886818816,-32.325876077717794,354.9128491785561,4.009622252315672,14.434640108336419,16.29388888888889,58.65800000000001,44.22335989166359,248.08037114212465,ai-acceleration+inertial,INS_DEAD_RECKONING
144.399,-378.1669692746441,143.8359140538165,-68.64205217573624,-32.47527438335203,356.2180644959103,4.0159972825882315,14.457590217317634,16.158055555555553,58.16899999999999,43.71140978268235,248.14225058399876,ai-acceleration+inertial,INS_DEAD_RECKONING
144.499,-379.7018866621751,144.2700600684939,-69.01499785201895,-32.62547603439148,357.51695564219267,4.0251223765878725,14.490440555716342,16.25111111111111,58.504000000000005,44.013559444283665,248.0631824082707,ai-acceleration+inertial,INS_DEAD_RECKONING
144.599,-381.2300123798742,144.75986582737178,-69.38773114034211,-32.7786679662608,358.83915526356407,4.034601494962026,14.524565381863296,16.313888888888886,58.72999999999999,44.20543461813669,247.6575282893181,ai-acceleration+inertial,INS_DEAD_RECKONING
144.699,-382.6970130688561,145.19401184204918,-69.76165651943961,-32.931297500951274,360.0793845907455,4.042921986723659,14.554519152205172,15.995,57.582,43.02748084779483,247.79561111794465,ai-acceleration+inertial,INS_DEAD_RECKONING
144.799,-384.15722208799264,145.67268565208698,-70.13535293251272,-33.086863389733566,361.33739175670206,4.05274981730518,14.589899342298649,16.063888888888886,57.82999999999999,43.24010065770134,247.39855136591902,ai-acceleration+inertial,INS_DEAD_RECKONING
144.899,-385.57668108798885,146.18475530935316,-70.51024002016675,-33.242116231242704,362.5753225441424,4.062514153420863,14.625050952315107,16.075,57.87,43.24494904768489,247.50397560022307,ai-acceleration+inertial,INS_DEAD_RECKONING
145.0,-386.96218173867675,146.6856930191955,-70.89072661233132,-33.39758517496156,363.7734897306833,4.07657280442852,14.675662095942672,15.941111111111113,57.388000000000005,42.712337904057335,247.7748012908255,ai-acceleration+inertial,INS_DEAD_RECKONING
145.099,-388.32730737982826,147.29795021673067,-71.2649866074143,-33.550215959861134,365.01311546713674,4.0888103751019536,14.719717350367032,15.943888888888889,57.398,42.67828264963297,247.81337280959372,ai-acceleration+inertial,INS_DEAD_RECKONING
145.199,-389.69243302096635,147.8656796210298,-71.64325828423983,-33.70621058609876,366.22892958380874,4.09467995368445,14.74084783326402,16.036944444444444,57.733,42.99215216673598,247.5893463116975,ai-acceleration+inertial,INS_DEAD_RECKONING
145.3,-391.06435033196334,148.3666173294559,-72.02685555266493,-33.86189577541896,367.41278429508196,4.103070616268803,14.771054218567691,15.864999999999998,57.114,42.342945781432306,247.909939116385,ai-acceleration+inertial,INS_DEAD_RECKONING
145.399,-392.4226843032424,148.96774257956721,-72.40316266138467,-34.01568199015702,368.6399705663338,4.109423067843215,14.793923044235575,15.83388888888889,57.002,42.208076955764426,247.7715354313932,ai-acceleration+inertial,INS_DEAD_RECKONING
145.5,-393.76743493480353,149.57999977922674,-72.78695697554735,-34.174567492298564,369.85701051095145,4.11597433202785,14.817507595300262,15.843055555555555,57.035,42.21749240469973,247.51112611350624,ai-acceleration+inertial,INS_DEAD_RECKONING
145.599,-395.0782272170834,150.23678477495477,-73.16242392559695,-34.333425949330206,371.07404530040895,4.120194812381142,14.83270132457211,15.768055555555556,56.765,41.93229867542789,247.06698641945474,ai-acceleration+inertial,INS_DEAD_RECKONING
145.699,-396.29393612137835,150.9269656179112,-73.54229010748253,-34.49395315512291,372.2224363513237,4.127648540637705,14.859534746295738,15.833055555555555,56.999,42.139465253704266,247.09162360464538,ai-acceleration+inertial,INS_DEAD_RECKONING
145.799,-397.4960616859823,151.65054230809605,-73.92405114343154,-34.65182329282632,373.3730271927102,4.134662732785784,14.884785838028822,15.68388888888889,56.462,41.577214161971185,247.53337406469123,ai-acceleration+inertial,INS_DEAD_RECKONING
145.9,-398.7728956189809,152.30732730311595,-74.31131649372452,-34.80924199110811,374.550299469771,4.143301564970639,14.915885633894302,15.761111111111111,56.74,41.824114366105704,247.87885042642125,ai-acceleration+inertial,INS_DEAD_RECKONING
145.999,-399.98181285343026,153.042035942849,-74.6910122560497,-34.96559354457716,375.71395196181646,4.152197002320094,14.947909208352337,15.746944444444441,56.68899999999999,41.74109079164766,247.61905990295307,ai-acceleration+inertial,INS_DEAD_RECKONING
146.099,-401.1839384180073,153.73221678580543,-75.07338556257395,-35.12823785078925,376.85058578860884,4.158338862123287,14.970019903643834,15.645,56.322,41.35198009635617,246.957293649577,ai-acceleration+inertial,INS_DEAD_RECKONING
146.199,-402.39285565244325,154.4557934766984,-75.45610583696015,-35.29224692179238,378.01052527010285,4.169296667785577,15.009468004028077,15.614999999999998,56.214,41.20453199597192,246.80316800268676,ai-acceleration+inertial,INS_DEAD_RECKONING
146.3,-403.5678145375978,155.27955770786033,-75.8440094023199,-35.45783764845379,379.18814121706987,4.182573531160019,15.057264712176067,15.636111111111111,56.29,41.23273528782393,246.8830268601721,ai-acceleration+inertial,INS_DEAD_RECKONING
146.4,-404.742773422739,156.03653024527358,-76.23008845097627,-35.62044945204909,380.3327254576663,4.195961674469583,15.105462028090498,15.625,56.25,41.1445379719095,247.15976547522027,ai-acceleration+inertial,INS_DEAD_RECKONING
146.499,-405.9041489682027,156.80463473223506,-76.61518374853233,-35.778203350343716,381.470014731672,4.211202678552057,15.160329642787406,15.475,55.71,40.54967035721259,247.72359032309666,ai-acceleration+inertial,INS_DEAD_RECKONING
146.599,-407.05194117394853,157.56160726894018,-77.00658516511567,-35.93519100589717,382.5845631564482,4.223017923249892,15.202864523699612,15.478888888888887,55.724,40.52113547630039,248.1447143025178,ai-acceleration+inertial,INS_DEAD_RECKONING
146.699,-408.23369172894866,158.31857980635343,-77.39912130627437,-36.09210544039263,383.72780395074943,4.231726587821579,15.234215716157685,15.578055555555556,56.081,40.84678428384232,248.211177406753,ai-acceleration+inertial,INS_DEAD_RECKONING
146.799,-409.4154422839622,159.0866842933149,-77.79248237067316,-36.24928120528719,384.8765087127584,4.240277851628397,15.265000265862229,15.498055555555554,55.793,40.52799973413777,248.21977177367995,ai-acceleration+inertial,INS_DEAD_RECKONING
146.899,-410.5971928389894,159.88818462679663,-78.1870015119689,-36.40631611322286,386.04153444783617,4.252196820906779,15.307908555264403,15.525,55.89,40.582091444735596,248.2954022026372,ai-acceleration+inertial,INS_DEAD_RECKONING
146.999,-411.7789433940029,160.7119488586667,-78.58309449567025,-36.56235085413766,387.21650668619213,4.262179071895438,15.343844658823576,15.505,55.818000000000005,40.47415534117643,248.49880221990864,ai-acceleration+inertial,INS_DEAD_RECKONING
147.1,-412.9674856188755,161.56910893776518,-78.98138176379354,-36.72639456068936,388.4170751601984,4.2674669656991835,15.362881076517061,15.48611111111111,55.75,40.38711892348294,247.61456791383915,ai-acceleration+inertial,INS_DEAD_RECKONING
147.199,-414.14244450403015,162.43740096570372,-79.37151194350542,-36.889754897427196,389.61890656374504,4.27701220926604,15.397243953357744,15.495,55.782,40.38475604664225,247.279336037486,ai-acceleration+inertial,INS_DEAD_RECKONING
147.3,-415.3174033891983,163.3724846880991,-79.77098468264393,-37.05506746025614,390.8485675641859,4.283920265890252,15.422112957204908,15.351944444444445,55.267,39.844887042795094,247.518912609942,ai-acceleration+inertial,INS_DEAD_RECKONING
147.4,-416.4923622743394,164.34096425913913,-80.16579647038697,-37.2221815799891,392.10108470399064,4.290541274171188,15.445948587016277,15.571944444444444,56.059,40.61305141298372,247.05825454265684,ai-acceleration+inertial,INS_DEAD_RECKONING
147.5,-417.6401544800853,165.27604798082638,-80.56050830819561,-37.39087548296797,393.31484809201623,4.2944472012674195,15.46000992456271,15.436944444444444,55.573,40.11299007543729,246.85886522995133,ai-acceleration+inertial,INS_DEAD_RECKONING
147.599,-418.8083216953674,166.24452755115828,-80.94988187076814,-37.56217908550451,394.57001790657523,4.299291202362014,15.477448328503248,15.438888888888888,55.58,40.10255167149675,246.25306549400366,ai-acceleration+inertial,INS_DEAD_RECKONING
147.699,-419.9561139010997,167.26866686569065,-81.34329050323265,-37.736804981397256,395.8356826471336,4.309182660381241,15.513057577372468,15.475,55.71,40.19694242262753,246.06456237940557,ai-acceleration+inertial,INS_DEAD_RECKONING
147.8,-421.1174894465634,168.24827838486266,-81.74198854996934,-37.9120414298969,397.08665058767474,4.314754666155121,15.533116798158437,15.323888888888888,55.166,39.63288320184156,246.27346852108823,ai-acceleration+inertial,INS_DEAD_RECKONING
147.899,-422.26528165229576,169.28354964965135,-82.13290645702074,-38.0852547250698,398.3614610925368,4.323106995599302,15.563185184157486,15.428055555555554,55.541,39.97781481584251,246.10216559950004,ai-acceleration+inertial,INS_DEAD_RECKONING
147.999,-423.39949051831013,170.31882091373197,-82.52824893809918,-38.26091589382787,399.6232099655192,4.329118696203936,15.58482730633417,15.39,55.404,39.819172693665834,246.04315094660157,ai-acceleration+inertial,INS_DEAD_RECKONING
148.099,-424.4997410350432,171.38748802574906,-82.92307193488438,-38.43957563651577,400.87656144839343,4.3381646716749005,15.617392818029643,15.293055555555554,55.055,39.43760718197036,245.65296668811752,ai-acceleration+inertial,INS_DEAD_RECKONING
148.199,-425.5999915517763,172.46728708589816,-83.31718596663137,-38.62195180845933,402.1395103396796,4.3471548529609265,15.649757470659337,15.386944444444444,55.393,39.74324252934066,245.1676714356416,ai-acceleration+inertial,INS_DEAD_RECKONING
148.3,-426.7070337383818,173.5248222483671,-83.71484883550102,-38.80936062397771,403.3973774338628,4.358013240691008,15.68884766648763,15.286944444444444,55.033,39.34415233351237,244.7666410860957,ai-acceleration+inertial,INS_DEAD_RECKONING
148.4,-427.8072842551149,174.59348936038418,-84.107353038888,-38.999036901692506,404.6620935954528,4.360625185215254,15.698250666774916,15.294999999999998,55.062,39.36374933322508,244.20800723584316,ai-acceleration+inertial,INS_DEAD_RECKONING
148.5,-428.90753477184796,175.6621564724013,-84.50079932900957,-39.18763714046574,405.92663528510275,4.365657718192318,15.716367785492345,15.28111111111111,55.012,39.295632214507656,244.3890618991045,ai-acceleration+inertial,INS_DEAD_RECKONING
148.599,-430.0145769584535,176.7196916341621,-84.890857386824,-39.37400572567509,407.19389466150113,4.36756458087348,15.723232491144527,15.25,54.9,39.17676750885547,244.46166711090345,ai-acceleration+inertial,INS_DEAD_RECKONING
148.70000000000002,-431.10124413546873,177.7883587454711,-85.28841075561797,-39.56553126808615,408.44733960968085,4.3707132828473405,15.734567818250426,15.28111111111111,55.012,39.277432181749575,244.2770658388902,ai-acceleration+inertial,INS_DEAD_RECKONING
148.8,-432.1947029823563,178.85702585819632,-85.68051332794818,-39.75818414972886,409.7129405799387,4.366782011188333,15.720415240277998,15.203055555555556,54.731,39.01058475972201,243.83359650545896,ai-acceleration+inertial,INS_DEAD_RECKONING
148.9,-433.28137015938495,179.92569296950532,-86.0721611681833,-39.951664904577996,410.974801312664,4.369872571839075,15.73154125862067,15.191944444444445,54.691,38.959458741379336,243.7098376217107,ai-acceleration+inertial,INS_DEAD_RECKONING
148.999,-434.37482900627253,180.97209618242601,-86.4611398466601,-40.14131834398586,412.23182456984114,4.3725581335683685,15.741209280846126,15.088888888888889,54.32,38.57879071915387,244.00763243572993,ai-acceleration+inertial,INS_DEAD_RECKONING
149.1,-435.45470451344227,182.01849939605484,-86.85949759462864,-40.33202621264843,413.47112901052367,4.373068561535694,15.7430468215285,15.068888888888889,54.248000000000005,38.5049531784715,244.41792178324516,ai-acceleration+inertial,INS_DEAD_RECKONING
149.199,-436.5413716904574,183.06490261039175,-87.24998858615572,-40.51931023953492,414.7220401023285,4.376027823728438,15.753700165422377,14.979999999999999,53.928,38.174299834577624,244.37708135160824,ai-acceleration+inertial,INS_DEAD_RECKONING
149.299,-437.6212471976271,184.11130582331245,-87.64435673534047,-40.70948322185791,415.9665984722143,4.380501175756615,15.769804232723816,14.98611111111111,53.95,38.18019576727619,244.2556142990405,ai-acceleration+inertial,INS_DEAD_RECKONING
149.399,-438.7079143746558,185.14657708739304,-88.0384459421719,-40.90128799130483,417.213031193128,4.385236044206587,15.786849759143713,14.943055555555556,53.795,38.00815024085629,244.04763061940804,ai-acceleration+inertial,INS_DEAD_RECKONING
149.5,-439.80137322154343,186.17071640334166,-88.43634835622663,-41.09650692502376,418.4588050190721,4.39123666221276,15.808451983965938,14.905,53.658,37.84954801603406,243.86650147163334,ai-acceleration+inertial,INS_DEAD_RECKONING
149.599,-440.89483206841754,187.20598766742225,-88.82744842249463,-41.28739028873332,419.7149823357513,4.400605480756186,15.842179730722268,14.941111111111109,53.788,37.94582026927773,243.98448494080668,ai-acceleration+inertial,INS_DEAD_RECKONING
149.699,-441.98149924543264,188.19673113543433,-89.22340952222476,-41.480415786317906,420.9392612756417,4.4094804488406405,15.874129615826305,14.78,53.208,37.33387038417369,244.01141395717784,ai-acceleration+inertial,INS_DEAD_RECKONING
149.799,-443.0885414320247,189.18747460273832,-89.6217765322184,-41.67097381801247,422.178134317697,4.422476029644232,15.920913706719235,14.788055555555555,53.237,37.31608629328077,244.43597568336975,ai-acceleration+inertial,INS_DEAD_RECKONING
149.899,-444.1955836186303,190.16708612261843,-90.02167492653075,-41.86153271642044,423.41048352466623,4.4371271112666735,15.973657600560024,14.755,53.118,37.14434239943998,244.52134639484424,ai-acceleration+inertial,INS_DEAD_RECKONING
149.999,-445.30941747508126,191.1355656922422,-90.42246227982628,-42.05370673789716,424.6433653599885,4.452447841275581,16.02881222859209,14.714999999999998,52.974,36.9451877714079,244.3826906084226,ai-acceleration+inertial,INS_DEAD_RECKONING
