time_s,vbox_speed_kmh,ai_speed_kmh,ai_acceleration_mps2,vbox_acceleration_mps2
120.1,56.844,56.812,0.09688112032177616,0.013819789939194561
120.2,56.822,56.807009450130955,-0.013862638525115498,0.009722222222219854
120.299,56.75,56.818315368366925,0.031722553972960366,0.013819789939194561
120.399,57.254,56.847037146329896,0.07978271656382006,0.6030150753768864
120.499,57.218,56.8693531666663,0.06198894537889413,0.6030150753768864
120.599,57.481,56.864696641692596,-0.012934791593617285,0.6500000000000409
120.699,57.76199999999999,56.83202445678713,-0.09075606918185038,0.3152777777777737
120.8,57.629,56.80728668844193,-0.06803566651596396,0.5624654505251259
120.9,58.16899999999999,56.800343979165646,-0.019285303545228786,0.5624654505251259
120.999,58.417,56.79770663650911,-0.007399951337098303,0.5624654505251259
121.099,58.241,56.74067582230924,-0.15841892833295618,0.280555555555551
121.199,58.61900000000001,56.65285005798721,-0.2439604564501096,0.280555555555551
121.299,58.92100000000001,56.51944057287886,-0.37058190307872096,0.5666113875068798
121.4,59.028999999999996,56.44020631099584,-0.2179160117794893,0.5666113875068798
121.499,59.191,56.39369200430542,-0.13051152270038954,0.5485762144053664
121.599,59.422,56.36599100081157,-0.07694723192738559,0.5485762144053664
121.7,59.598,56.22511383402574,-0.38745095375639754,0.5624654505251259
121.799,59.918,56.02167846077515,-0.5708063222519016,0.5624654505251259
121.9,59.81000000000001,55.81391535495362,-0.5714056815773787,0.2944444444444508
122.0,59.95099999999999,55.61859234897965,-0.5425639054832956,0.2944444444444508
122.1,60.343,55.37768628001981,-0.6691835248884622,0.5652777777777649
122.2,60.35799999999999,55.22800304295147,-0.4157867696342393,0.5652777777777649
122.3,60.682,55.0556904130999,-0.4786461940321707,0.5652777777777649
122.4,61.04500000000001,54.91039185795961,-0.4036070976118955,0.8694444444444348
122.5,61.30800000000001,54.80475512764445,-0.293435361986551,0.8694444444444348
122.6,61.53100000000001,54.69024457508289,-0.31808486822657,0.6750000000000462
122.7,61.42300000000001,54.648208221129856,-0.1167676498695418,0.1597222222222227
122.799,61.513000000000005,54.571389880838254,-0.2155396753411803,-0.025125628140714822
122.899,61.30800000000001,54.48822678982147,-0.23100858615774533,-0.025125628140714822
123.0,61.805,54.36960998658273,-0.326228831789716,0.403537866224439
123.1,61.708000000000006,54.29619799857844,-0.20392218890079383,0.403537866224439
123.199,61.596,54.35443573578952,0.16340554773029983,0.3888888888888731
123.3,61.988,54.412020675669076,0.1583744221109872,0.3888888888888731
123.4,62.14699999999999,54.47009222027782,0.16130984613538063,0.7439977666108528
123.499,62.52100000000001,54.523508167042635,0.14987639384069001,0.7614704256494922
123.6,63.086000000000006,54.602391712264094,0.21695144450345782,1.3041666666667626
123.7,63.565000000000005,54.646567606827084,0.12271081823051064,1.3041666666667626
123.8,63.41,54.681909908358385,0.09817305980917675,0.5597222222222085
123.9,63.967999999999996,54.71690070729255,0.09719666370601011,0.5597222222222085
124.0,64.148,54.764888730850316,0.13330006543824846,0.5597222222222085
124.099,64.048,54.80663491825256,0.1171329612857553,0.36527777777777193
124.2,64.411,54.860615372976184,0.14846109659962314,0.1999999999999929
124.299,64.192,54.913662758820266,0.14884227228978059,0.36527777777777193
124.399,64.818,54.95589649693491,0.11731593920733893,0.5681183696259079
124.499,64.832,54.986979971524676,0.086342984971575,0.5681183696259079
124.599,64.91199999999999,55.019255985606364,0.08965559467137384,0.13055555555554746
124.7,64.89699999999999,55.05722058082648,0.10441307816311467,0.08982863460475139
124.799,64.96600000000001,55.098897930365695,0.11693981352193439,0.08982863460475139
124.899,65.66,55.14049406102408,0.11554480738441084,1.065047459519833
125.0,65.98100000000001,55.18990258817337,0.13588703836437413,1.065047459519833
125.1,66.32300000000001,55.250494524955116,0.16831093550486703,0.9162520729685361
125.2,66.46300000000001,55.28442234779132,0.09424395232279682,0.6694444444444241
125.299,66.434,55.31798159453713,0.09416174732267237,0.16610831937463844
125.399,66.582,55.36759227056945,0.13780743342313082,0.16610831937463844
125.5,66.719,55.40051093460829,0.0905353796447876,0.16610831937463844
125.6,66.244,55.43616569553121,0.099041002563667,0.1758793969849449
125.699,66.845,55.4725202968736,0.10200505427155838,0.1758793969849449
125.8,66.64,55.47503899863655,0.006927122560371676,0.5499999999999894
125.899,67.28399999999999,55.46104239785691,-0.03927216829303744,0.6097222222221979
125.999,67.291,55.4494248826403,-0.0322708756016768,0.6097222222221979
126.1,66.751,55.46408397290165,0.04031652987168508,-0.7365948037589852
126.199,65.725,55.45630072814709,-0.021838509412339523,-0.7365948037589852
126.299,66.791,55.38474913693458,-0.19875442003474814,0.0558347292015508
126.4,66.73,55.36238313597053,-0.06151265391652902,0.5347222222222519
126.499,67.176,55.340811094170036,-0.060527614479509544,1.3888888888888458
126.599,68.656,55.29832773202931,-0.11800933927977629,0.5347222222222519
126.699,67.432,55.25022134779325,-0.13362884510017123,0.3555555555555528
126.799,67.385,55.18827913823233,-0.172061693224763,-0.18611111111111092
126.899,67.298,55.15461738337084,-0.09350487461524622,-0.18611111111111092
126.999,67.295,55.11147002249458,-0.11985378021184687,-0.18611111111111092
127.1,66.992,55.047429408624325,-0.17612930107330038,-0.2833056937534399
127.2,67.09,54.98951850774915,-0.16086361354213755,-0.2833056937534399
127.3,66.96,54.95634123860242,-0.09215908096314349,-0.04444444444445076
127.4,67.111,54.906088917673216,-0.13958978035890404,0.02916666666665749
127.5,66.98899999999999,54.87322376669908,-0.09129208603927193,0.04027777777777018
127.6,67.691,54.8745786018248,0.0037634309047868825,0.6379117811278826
127.699,67.446,54.88921164892856,0.04105793238990864,0.6379117811278826
127.799,66.928,54.89706749214606,0.02182178671526345,-0.6661138750690806
127.9,66.964,54.88490515427866,-0.03344977411275304,-0.6661138750690806
127.999,66.99600000000001,54.93648351688648,0.14472043380422686,0.09444444444446458
128.099,67.406,54.97225645325651,0.09936926769452438,0.09444444444446458
128.2,66.1,54.97308274731411,0.0022725359119943915,-0.9388888888888135
128.299,66.73,55.0136261109768,0.1137580349682482,-0.9388888888888135
128.399,66.92399999999999,55.07829291825363,0.17963002021342486,-0.9388888888888135
128.499,65.822,55.1147735234213,0.10133501435464164,-1.2611111111111846
128.6,64.523,55.197869700527576,0.2285373407763456,-1.7951907131012308
128.7,64.523,55.28430450118368,0.24009666848917693,-1.7951907131012308
128.799,64.523,55.38045060883583,0.2697702234908417,0.0
128.899,64.523,55.47867337092733,0.2728410058097367,0.0
128.999,64.523,55.526482995315384,0.1328045121890255,0.0
129.1,64.523,55.592439004129886,0.18139716395628336,0.0
129.199,64.523,55.679902113625175,0.24540715346596975,0.0
129.299,64.523,55.760188405870416,0.2230174784590145,0.0
129.399,64.523,55.91145688702005,0.4201902254156847,0.0
129.499,64.523,56.02959026038098,0.3281482593359223,0.0
129.6,64.523,56.12202190996359,0.25421245759794847,0.0
129.699,69.667,56.204570606875365,0.23161811703636076,5.519444444443975
129.8,68.497,56.25862820791065,0.14867327017404927,5.519444444443975
129.899,68.17699999999999,56.28623530787015,0.07746099876403545,-1.3009491903965213
129.999,67.565,56.259222000349396,-0.0750369653354261,-1.3009491903965213
130.099,67.532,56.238218704902145,-0.058342487353498534,-0.8958333333333867
130.199,67.406,56.21233004882959,-0.07191293353484318,-0.22083333333330907
130.299,67.532,56.160409199495014,-0.1442245814849531,0.0
130.399,67.54,56.106035574404935,-0.15103784747243046,0.08015478164734295
130.5,67.59,56.07506049524407,-0.08518998669106453,0.08015478164734295
130.599,67.35600000000001,56.03205093053429,-0.12067779099265907,-0.24567280848686637
130.699,67.414,55.99196055550245,-0.11136215286620404,-0.24567280848686637
130.799,67.414,55.88696066199402,-0.29166637085676844,0.0
130.899,67.414,55.851756913535596,-0.09778819016229033,0.0
131.0,67.414,55.81151737458996,-0.11066979908040905,0.0
131.099,67.414,55.7584930094407,-0.148777679992332,0.0
131.2,67.414,55.676386739414994,-0.22581482405308523,0.0
131.299,67.414,55.62092929969069,-0.15560448856423523,0.0
131.399,70.124,55.53408860575323,-0.24122414982626839,0.0
131.499,66.34100000000001,55.45327797464634,-0.22447397529693197,-1.490277777777869
131.599,62.705,55.35220874205999,-0.2807478682954419,-7.12962962962986
131.7,61.182,55.271967571252674,-0.22068528824895345,-7.12962962962986
131.799,62.68,55.179626698439336,-0.25909335806206024,-0.034722222222211364
131.9,61.924,55.06671442855163,-0.31053979617081356,-0.034722222222211364
131.999,60.782,54.96537282042006,-0.28434794649713185,-2.636111111111273
132.1,59.550999999999995,54.88766701605346,-0.21371233324146724,-3.2958333333335252
132.199,57.067,54.75390401224801,-0.37531707016115706,-5.1597222222217765
132.299,54.983,54.57118803638394,-0.5075443774002047,-5.258430071863076
132.4,53.262,54.45144988444993,-0.3293128491034462,-6.376326074818141
132.5,49.363,54.311136400011705,-0.3897596789950872,-7.459722222222644
132.6,47.891000000000005,54.07678125353447,-0.650986517992346,-7.459722222222644
132.7,47.632,53.935232780715985,-0.3931902022735971,-2.4041666666668107
132.8,47.336000000000006,53.79170979188333,-0.3986749689795107,-1.638749302065781
132.899,46.458,53.648351582386006,-0.4022396450542584,-1.2417491749175167
133.002,46.433,53.47029654948496,-0.4801915666155119,-1.2417491749175167
133.1,46.544,53.23884086553324,-0.6560535259403305,0.11885019347706395
133.199,46.645,53.07925855603422,-0.4477618111643967,0.29892836999436634
133.299,47.131,52.90433362078681,-0.4859025979095086,0.7458333333333724
133.399,47.182,52.71850285059305,-0.5161965838715786,0.8193746510328905
133.499,47.92,52.527139026431584,-0.5315661782263296,1.0958333333334027
133.6,48.078,52.33639773328747,-0.5245910152478397,1.0958333333334027
133.7,48.316,52.124877755990624,-0.5875554924912489,0.547263681592055
133.799,48.427,51.87376382573625,-0.7045845405564981,0.4871580122836017
133.899,48.175,51.60939758640078,-0.7343506648207757,-0.1968174204355072
134.0,47.909,51.44094851931534,-0.46328126261121455,-0.715865118850214
134.099,47.592,51.38113051689389,-0.16783951296705288,-0.8097222222222661
134.2,47.315,51.29207535499818,-0.2449261878319807,-0.8250000000000515
134.3,46.253,51.255524580377646,-0.10152992950147596,-1.850469872857725
134.4,45.155,51.21343843866621,-0.116905949198435,-2.9999999999997335
134.499,44.024,51.1853496399722,-0.0788125664815151,-3.086264656616662
134.599,42.944,51.10966565518398,-0.2102332910783966,-3.086264656616662
134.699,41.94,51.042724275190615,-0.1859482777593074,-2.894444444444206
134.799,44.586000000000006,50.90673938067493,-0.3777358180991389,2.2805555555553623
134.9,47.074,50.75923616153736,-0.40567442007033216,7.0950801547818845
135.0,50.832,50.690506858534796,-0.19091473056267808,8.0
135.099,54.04,50.566359409601425,-0.34833739880298603,8.0
135.2,56.768,50.47322093933231,-0.2561564088809486,8.0
135.3,59.23400000000001,50.25939981101867,-0.5939475786488648,7.177998894416034
135.4,61.7,50.069818130361405,-0.5266157796035368,6.911111111111483
135.5,64.21,49.82083941925407,-0.6916075308537437,6.8499999999994206
135.599,66.539,49.61524844629058,-0.5768545818280496,6.754606365159675
135.699,68.51899999999999,49.365036894489876,-0.6950320883351093,6.014796203238042
135.8,70.456,49.202123525318754,-0.4480565708776875,5.413211719181283
135.899,72.313,49.08446192944636,-0.3301391578911441,5.269444444444759
135.999,73.181,49.02356250748964,-0.16916506099089926,5.005555555555841
136.099,75.917,48.8996715321128,-0.3441415982690396,5.005555555555841
136.2,77.292,48.76106987168858,-0.3811926854351273,5.559722222221742
136.299,79.92,48.52342386751724,-0.6667957468330705,5.681315644002398
136.399,82.469,48.397000134644514,-0.3511770357575808,7.219444444444855
136.499,85.118,48.20642848294172,-0.529365699174462,7.219444444444855
136.599,86.48299999999999,48.204939168069714,-0.004136985755567847,5.575000000000309
136.699,88.182,48.22093983482436,0.04444629654066314,5.074999999999588
136.799,90.137,48.26824683087759,0.13140832237008543,5.074999999999588
136.9,91.944,48.28821627547839,0.05492146479867649,5.1091763405198
137.0,93.834,48.288477223239134,0.0007248548909771799,5.1091763405198
137.1,0.0,48.21044656911329,-0.21675181701625834,-8.0
137.2,4.226,48.13219814774957,-0.21735672601033618,-8.0
137.3,13.23,48.03458021150632,-0.27116093400898866,8.0
137.4,22.979,48.034183951421525,-0.0011007224577458303,8.0
137.5,27.083,48.01295709833788,-0.058963480787907266,8.0
137.6,33.343,48.021355529956445,0.023328976718224353,8.0
137.699,36.94,48.00564773078261,-0.04407351058874537,8.0
137.799,37.912,47.95584416656338,-0.13834323394232567,6.377721943048176
137.9,0.0,47.87853620027718,-0.21261816910394682,-8.0
137.999,11.894,47.855548488638185,-0.06449975207350239,-8.0
138.099,36.277,47.82909427000494,-0.07348394064791364,8.0
138.2,54.191,47.841656268114235,0.03454894969554012,8.0
138.3,60.228,47.82817517358706,-0.03744748479768665,8.0
138.4,61.448,47.80606011638983,-0.061430714436751396,8.0
138.5,62.47099999999999,47.73484083556232,-0.19783133563198305,3.11527777777794
138.599,62.85199999999999,47.68709753587112,-0.1339598756767842,1.9597989949750183
138.699,63.346,47.62440437702355,-0.17414766346542737,1.2213847012841315
138.8,63.413999999999994,47.546309265257044,-0.21478303566148452,0.7766721945825645
138.9,63.385,47.44254299093397,-0.2882396508974137,0.05389718076285818
138.999,63.4,47.35913596948283,-0.2340264350481368,0.05389718076285818
139.099,63.698,47.141626120491516,-0.6041940249758978,0.4369067560022702
139.199,63.763000000000005,46.91167372175335,-0.6387566631614321,0.4369067560022702
139.3,63.724,46.744935405469604,-0.4585762274030424,0.08430071862907952
139.4,63.824000000000005,46.62028408613931,-0.34625366480639164,0.08430071862907952
139.5,63.81700000000001,46.47630172851048,-0.39995099341344287,0.08430071862907952
139.599,63.535999999999994,46.23908948846377,-0.6655786757764673,-0.11027359017309363
139.699,63.73799999999999,46.21027172237395,-0.08004935024946344,-0.11027359017309363
139.8,64.188,46.1894958448939,-0.05713937700786334,0.21835268103926297
139.9,63.896,46.16007531833729,-0.08172368487947047,0.21835268103926297
139.999,63.144,46.1289355327605,-0.08737313573736531,-0.4250000000000284
140.1,63.589999999999996,46.094381078255815,-0.09503425331323238,-0.4250000000000284
140.199,63.263,46.14020863619107,0.12858461822460543,-0.07537688442210876
140.299,63.535999999999994,46.20859192434224,0.18995357819770214,-0.07537688442210876
140.399,62.964,46.29840924014981,0.24949254390994108,-0.41527777777780855
140.499,63.09000000000001,46.365456204090776,0.18624156650268614,-0.41527777777780855
140.599,63.083,46.448432068477686,0.23048851218587046,0.12499999999998224
140.699,63.18000000000001,46.49756297987618,0.1364747538846752,0.12499999999998224
140.799,62.687,46.560685015371675,0.17533898748750332,-0.5499999999999503
140.901,62.744,46.64161980195324,0.22041063883868775,-0.5499999999999503
140.999,63.022,46.79012937796656,0.4209455102418995,0.06593714927047745
141.099,62.79099999999999,46.88578567524861,0.2657119368946202,0.06593714927047745
141.2,63.032,47.0045903667596,0.32674557621284045,0.0138197899391867
141.299,62.79099999999999,47.11489814726566,0.30950555697542165,0.0
141.399,62.586000000000006,47.1836742770638,0.19104480499485316,0.0
141.499,62.978,47.238759490381646,0.15301448143846064,0.17500000000001065
141.599,62.71200000000001,47.298822976427886,0.16684301679512617,0.17500000000001065
141.7,62.615,47.30551680488335,0.018409869239451926,-0.37313432835818255
141.8,62.442,47.30931847272919,0.010560188460654513,-0.37313432835818255
141.899,62.748,47.35810860991004,0.13689713013710098,0.18565047459518455
142.0,62.715999999999994,47.40111822142661,0.11828826049659938,0.18565047459518455
142.099,62.154,47.45121413647209,0.1405609288593845,-0.5388051367950571
142.199,62.32999999999999,47.490118435988286,0.1080674986560831,-0.5388051367950571
142.299,62.39900000000001,47.503207435921716,0.03635833314841754,-0.2529021558872386
142.4,62.14699999999999,47.48929470653009,-0.03826383221020899,-0.2529021558872386
142.499,61.697,47.469815673232866,-0.05465497558142949,-0.6742043551089262
142.599,61.663999999999994,47.423003528734064,-0.13003373471889407,-0.6742043551089262
142.699,61.988,47.385542841124675,-0.10405746558162444,-0.46944444444439787
142.799,61.326,47.33187581555067,-0.14907507103890513,-0.46944444444439787
142.899,61.196,47.24516742958157,-0.24085662769194907,-0.46944444444439787
143.0,61.10600000000001,47.1450905051001,-0.275239066230672,-0.30403537866224883
143.099,61.008999999999986,47.02336740916543,-0.34153506154513785,-0.30403537866224883
143.2,60.606,46.893336080162285,-0.35762191695035034,-0.6041666666665986
143.299,60.574,46.77085095675444,-0.34367318576830197,-0.6041666666665986
143.4,60.563,46.61370279414481,-0.4322006672432139,-0.5305555555555888
143.499,60.192,46.49511091599098,-0.3327493775360298,-0.5305555555555888
143.599,60.03,46.381506910635444,-0.31556668154315576,-0.7347222222221546
143.699,59.663000000000004,46.22909639518074,-0.42336254292964903,-0.7439977666108881
143.799,59.418,46.08974833344045,-0.3870779492786092,-0.7347222222221546
143.903,59.735,45.92873525978542,-0.4300562864718207,-0.49444444444447877
143.999,59.06199999999999,45.77302099319342,-0.4505621139814571,-0.49444444444447877
144.1,59.0,45.576348098242256,-0.5409045515708679,-0.49444444444447877
144.199,59.05800000000001,45.425848205566766,-0.4222780378099518,-0.47738693467333165
144.299,58.65800000000001,45.279293285456326,-0.4070970003067923,-0.47738693467333165
144.399,58.16899999999999,45.154354796921695,-0.34705135704068235,-0.47738693467333165
144.499,58.504000000000005,44.99478516216782,-0.44324898542744057,-0.21388888888890784
144.599,58.72999999999999,44.89850667395619,-0.2674402450323178,-0.21388888888890784
144.699,57.582,44.82011294491241,-0.21776035845488978,-1.2499999999998934
144.799,57.82999999999999,44.70873813876662,-0.3093744615161005,-1.2499999999998934
144.899,57.87,44.59678652450687,-0.3109767062771007,-0.6108347153123279
145.0,57.388000000000005,44.50164583921568,-0.26166305085584546,-0.6108347153123279
145.099,57.398,44.42236705802315,-0.2224432693393511,-0.6108347153123279
145.199,57.733,44.30598081249485,-0.3232951264674143,-0.39248203427304473
145.3,57.114,44.21659785539601,-0.24582771479330798,-0.39248203427304473
145.399,57.002,44.11091963789263,-0.2965157617940234,-0.39248203427304473
145.5,57.035,44.02739047416241,-0.2297281730754175,-0.329166666666688
145.599,56.765,43.91409488853548,-0.31788884856044897,-0.1097222222222234
145.699,56.999,43.79613758679267,-0.32765917150774193,-0.329166666666688
145.799,56.462,43.69044016960988,-0.29360393661885703,-0.357932559425107
145.9,56.74,43.59035239371059,-0.27526891061412806,-0.357932559425107
145.999,56.68899999999999,43.487012359688265,-0.2899552020828694,-0.357932559425107
146.099,56.322,43.38724050640483,-0.2771440368984569,-0.5834729201563865
146.199,56.214,43.31556323361024,-0.1991035355404664,-0.5834729201563865
146.3,56.29,43.20486044994486,-0.30446310138994703,-0.044223327805410634
146.4,56.25,43.103840648303986,-0.28061056011355223,-0.044223327805410634
146.499,55.71,42.99622673269902,-0.30194701348196734,-0.7342266890006256
146.599,55.724,42.9411110852362,-0.15309902073007123,-0.7342266890006256
146.699,56.081,42.867333012569766,-0.20493909074004987,0.09583333333332682
146.799,55.793,42.79389384084774,-0.20399769922786634,0.09583333333332682
146.899,55.89,42.75034572593705,-0.12096698586302858,0.03472222222223406
146.999,55.818000000000005,42.69425365547593,-0.15581130683644845,-0.19347705914871102
147.1,55.75,42.65749523053992,-0.10109577815184104,-0.050000000000003555
147.199,55.782,42.627390867736494,-0.08446790910050692,-0.19347705914871102
147.3,55.267,42.579265476942126,-0.1323580604905425,-0.050000000000003555
147.4,56.059,42.53628116336756,-0.11940087104047004,0.38280818131565897
147.5,55.573,42.496092410891364,-0.11163542354501169,0.38280818131565897
147.599,55.58,42.43371957416999,-0.1750079593753555,0.1912339475153414
147.699,55.71,42.36750026523326,-0.18394252482421136,-0.572139303482526
147.8,55.166,42.31741519641722,-0.13774771401549754,-0.23472222222224118
147.899,55.541,42.277811108468214,-0.11112258122618528,-0.23472222222224118
147.999,55.404,42.24472970081307,-0.09189279904208626,-0.23472222222224118
148.099,55.055,42.2264887915892,-0.05066919228853518,-0.015277777777783304
148.199,55.393,42.168766661319026,-0.16033925075043362,-0.030403537866217047
148.3,55.033,42.1335740608841,-0.09678933012906439,-0.030403537866217047
148.4,55.062,42.06811451118044,-0.18183208251018548,-0.030403537866217047
148.5,55.012,41.979708695059834,-0.24557171144614073,-0.22613065326634071
148.599,54.9,41.89298143661334,-0.24334247600027634,-0.029166666666668443
148.7,55.012,41.82240274165625,-0.19411082221423556,-0.22613065326634071
148.8,54.731,41.74323058471355,-0.2199226581740939,-0.2335544499723318
148.9,54.691,41.664016610037415,-0.2200388185448418,-0.4458333333332895
148.999,54.32,41.57003205585845,-0.26370525863909805,-0.5737018425461151
149.1,54.248000000000005,41.45679463283426,-0.31143405672220253,-0.5737018425461151
149.199,53.928,41.371798652679196,-0.2384847928031654,-0.5444444444444032
149.299,53.95,41.26873964099536,-0.2862750324551182,-0.415968732551624
149.399,53.795,41.1548719730617,-0.3162990775935123,-0.40353786622444787
149.5,53.658,41.08404147441459,-0.19480335161471826,-0.18472222222222162
149.599,53.788,41.0227947672298,-0.1718482244242376,-0.40353786622444787
149.699,53.208,40.920609758872956,-0.28384724543561074,-0.6281407035175491
149.799,53.237,40.8558467194163,-0.179897331824073,-0.6281407035175491
149.899,53.118,40.79764190240656,-0.16168004724927196,-0.3652777777778068
149.999,52.974,40.73940850918564,-0.16175942561368606,-0.14372581536761592
